"04368a56-c959-3e4b-8b3d-f4cc3538fea5","OFF CAMPUS",null
"86d1debf-3f3a-39b7-bc0d-976a4fa33862","ONLINE",null
"ebbf62b4-2ac3-356b-b0fa-7897f4446a17","0032","B101"
"bab1dd92-c641-3d28-abd5-50c9573c480b","0032","0510"
"ed828265-475b-31b4-b9a8-daec2a600449","0032","0549"
"2cc50da3-ef0e-3572-a557-ca44930a0688","0032","0249"
"b277dc8e-bab1-3a12-bc17-48d4a364d297","0032","0349"
"9759cb5f-a7d3-3d0c-b8b3-03910bd0153e","0469","2441"
"50322d30-dd8f-3c65-9a75-78c5ff29d62c","0469","2511"
"6af80b0b-b3e3-370a-925f-829869f007bc","0469","4411"
"b7211db3-303f-3605-bead-237e1f663932","0469","1341"
"fcd8990c-8a4d-36e2-b91f-70838750da26","0469","2401"
"350c7321-2d4c-3485-8e0c-8005a6f5ac3d","0469","2411"
"2285075b-51f6-394d-8ba8-ef068e004edc","0469","1321"
"f4781736-d27f-3902-9095-5b856acb6db3","0469","2340"
"ffed1aa0-26bc-33d8-927f-697214d37b71","0585","1131"
"3081d0f3-bf38-3e0d-968f-5e0abcfb9dd1","0485","0150"
"95258794-add5-3748-a1e1-d14a82a90ca4","0585","1140"
"43a08e18-1ab4-397d-83c0-d0e9a0f2588e","0469","1351"
"b80de0f7-d1e1-3084-8760-ab290d8f1011","0469","1111"
"8d659803-7689-3965-bedc-fbf8018024a7","0018","3250"
"7b776ed8-d084-35d9-b60e-b6cf93ef09b9","0048","B107"
"df02a59b-dd8a-3442-98c4-d3f6f27e82d7","0048","B219"
"050bf5dc-0068-3a37-b5fc-2c27c1992cc4","0048","B203"
"3528555b-eb1a-3923-a86b-db064d4dbe09","0048","B113"
"43e727bc-0d0b-368f-b706-8d5678731b8e","0048","B325"
"53ea6c62-a690-3fb5-94eb-2a6d0fc40c3e","0048","B321"
"dd13e5fb-2423-34ab-92a0-15a325a2a3dd","0482","0114"
"5579d792-a761-36fd-9b95-cf85e7b4b18f","0056","0216"
"e9baf33d-0f75-3a29-b8ea-73d8b54fb7bd","0056","0225"
"ce6c40d7-80e0-3c98-9359-05ee0437b490","0056","0215"
"fcfe5452-818b-314b-818a-573505509aa8","0056","0224"
"d549930f-a8e5-381e-a02e-0ebf58e7cc0b","0056","0022"
"4951625e-9f56-397d-8b2f-b773bf40c97a","0056","0120"
"b9bd8fe2-64ea-3240-a949-501588f9370d","0056","0223"
"7c1c35d3-9855-3eb7-969d-d76aa3b4cd23","0056","0122"
"050989c6-d81a-34ad-bf84-7f635bf49398","0482","0382"
"9799b9bf-d7b8-3cd0-bbc3-671f91c1e6d8","0482","0595"
"aca5b800-d075-333c-9d66-cff7e66be44b","0482","0355"
"699f72f3-71f3-3149-8e0a-ccdbbae84cd9","0482","0155"
"50dca7fd-6826-32e9-9646-98552762f158","0482","0491"
"4bdaaf05-c363-381f-9890-4c21db9aa6e8","0482","0574"
"ce8bbeed-5bf1-3044-b7f1-3310d5d99e58","0482","0378"
"08a63c3c-0c75-331c-8e9a-d0ffed80a0aa","0055","2103"
"4d932691-9a32-3853-bb30-249a5a37bfe4","0482","0379"
"7e887b9f-ccd5-3766-bd11-edea59728cb8","0056","0023"
"ce909a8e-57c8-3448-a73e-08868c295975","0057","2339"
"9e3ceaf4-0347-3ba8-b30d-cad0a703f22f","0057","2409"
"f2b02267-19d7-3588-9854-93fc9d4db544","0046","5208"
"65b5e024-7db1-3422-bb23-5f5b99189b58","0057","1335"
"2862051c-ce10-39f2-a2e0-76c0d3f65ecc","0057","2319"
"08360bbf-2f43-3b8f-bcc5-ed67734d5c75","0057","2323"
"a749c262-3082-3499-8bff-3940a5523776","0057","2329"
"b064608e-905d-3cf1-a931-4f30796fb917","0057","1339"
"20ea4d26-d06c-3f21-a31f-b3d7450f384a","0482","0495"
"afb4fefd-ea1e-351e-9021-1531f9234f9a","0140","1080"
"331c1121-b9e7-3ec9-b3aa-b122416e7e3b","0085","4235"
"913b30ca-3e8f-393b-bec9-6683abc6beec","0046","5106"
"dd6118e0-7221-3b81-9b29-aad61f0ede54","0140","1070"
"83b9aea5-1244-37d8-80bc-bf3e3911ddf9","0048","B231"
"cc80f681-7ef1-3b1f-bb04-741b6a60e2c4","0400","L159"
"df94c788-28af-3d71-9b4f-f3d8f8c9439d","0048","B215"
"632cbb0d-8c40-3b2e-adeb-2307ba1ec546","0046","6104"
"5449a881-c12e-34eb-acff-2eb53e0116df","0057","2301"
"99c7bc8b-0126-3866-b118-61f16a97b844","0046","6121"
"b3741f2b-7495-37df-ab99-5b1f5522f7bf","0046","5322"
"7203acc6-25c6-3418-aff1-34bd5d2d6c05","0057","2335"
"e32b4d6d-975c-3ce7-90b0-4b2c32517d95","0048","B239"
"93f05533-785f-3f41-a55e-0699c8cda187","0470","0130"
"abb075de-4bc9-3498-a302-306ecc27df32","0046","6203"
"ad9fcc3c-069c-397b-9173-2a2f0d5399d3","0402","0119"
"8ebc0d36-a850-3b81-84bb-deb064fb2d54","0482","0482"
"33cfc1a6-f344-318c-84ae-b3a98696fe03","0048","B139"
"6edab472-33e6-38fe-8e31-e33ef6ca0ac6","0057","1310"
"7a70c303-e14c-3fee-a272-db3fac23dec4","0140","2165"
"c421155c-3576-32a6-b95b-80ee5a5d7352","0482","0575"
"5192f694-3059-3a1c-be84-a96207136fac","0482","0478"
"bc6e5cc5-1630-37be-aa3c-9a9ad3883a64","0482","0594"
"e6676376-0bd9-37f7-a79f-6da35c16e05e","0106","0121"
"05395b35-06a5-3fd8-b4da-ac4280efac05","0482","0586"
"5d4c87b4-6ef4-34c5-8f6b-dc8b046b4bdc","0482","0494"
"6b7d01f9-d072-3de9-a508-66ab5c7d0741","0545","4041"
"456c45dc-1147-3092-b4b0-18120f807dc1","0482","0367"
"c0ef9a3e-e6c6-39cd-a5cd-25951a327fd0","0482","0582"
"34850796-1bbe-3952-b5a5-a1394815da8c","0482","0474"
"91499a4a-bd91-32a7-9ae8-e8a5fe4cb852","0482","0487"
"41dccab7-1f6d-34f0-a3fb-8584fbe83168","0155","1263"
"f740ee64-b04c-388e-b06a-9f0143eb9d69","0482","0206"
"ff85d97a-e644-3c72-8e0e-3ecfefe2a1b7","0482","0486"
"d1d06510-f11b-37f6-b6c0-ab66f2c27899","0469","1651"
"674ff01a-cb69-394c-aa8a-2fe88a2f570e","0057","1333"
"362f76b3-3ca8-3cdb-b671-e668ea23fe44","0006","0235"
"8549daf1-fdeb-391b-9b6f-1be2ebeea033","0469","1121"
"76552944-8893-3659-8eeb-d66b3792f790","0048","B130"
"f3bd7a82-25f7-3265-bb80-805e801d0478","0140","1270"
"5d2dbb4d-761e-3c62-86b5-303524d508c3","0140","1295"
"f184adea-e02c-36c8-b273-5b7444fcdd60","0482","0499"
"1086dddd-6b2d-34da-a2b6-3a35a4cd856a","0469","2650"
"bcb5592c-059a-3e7a-85c6-8dc1aad842fc","0482","0383"
"ac6b1226-67ec-3d16-a2f8-34ac77c3f94c","0482","0590"
"fd552c2a-ca14-380e-a2ef-9ae3c073e115","0400","L151"
"0e4a5499-d113-376f-a383-2a6ed6ce3b92","0402","0123"
"b0e83bb4-298d-3436-9d86-5bc9b338dda7","0482","0144"
"529e51c9-ce17-3df3-866e-836fc9694b93","0482","0159"
"487e6311-649a-30f2-8c23-a6c02e07d2be","0482","0483"
"cdbf6f49-a757-34f4-ba65-42e56751eb34","0140","1190"
"3af4acad-28e6-32f1-8c5b-2760e48a9896","0060","1220"
"aa15257a-9509-3511-bd1a-40f347844a80","0055","2104"
"c1432501-9adf-3a8b-90fb-bb7efdb95319","0482","0399"
"bac62c9d-21d2-3b8e-81bf-8b60ae7edb33","0046","5231"
"7735b548-bfc2-3172-a8c1-225f8d427093","0482","0390"
"434d0705-d16c-3511-8b45-281e9340e0fe","0154","0204"
"478faac4-f908-34b2-b661-8de4e60f488b","0057","4421"
"04ab574a-a686-363c-abca-ccf893189e7f","0085","1125"
"c9d5192e-1a72-3237-ac6f-b124bbf49630","0055","2223"
"fc8be155-5a77-3282-add8-c53bf0a237b6","0482","0583"
"8df37791-4aa5-30d1-8ed6-901d8696781d","0055","2120"
"9a15c09e-57d8-3658-ae72-aae5ffdef108","0469","2637"
"7b8bd2e8-1081-39b7-881f-381ed351ae8d","0056","0113"
"3d5eafb8-70cf-3e16-b2d5-eafc9d0eb9f2","0482","0395"
"b0796cf4-70ff-3c1e-b063-a9e12c09a6a8","0482","0374"
"4948c250-c6cf-3272-a497-f90962f3ba67","0545","4008"
"6c9865f2-a208-3940-acc2-59309b5eb2a6","0482","0386"
"8a5ba190-e255-3e64-a811-7c61798768ea","0453","0110"
"2846a8a5-0eb3-3fa1-9e67-44698898acc6","0408","2355"
"5da0d588-a26d-3beb-9b2b-0d0d70493e32","0482","0375"
"2b57b421-6c9f-3d88-9299-21b41c693446","0469","2261"
"2da69d83-787a-3b03-a82b-133026765ef1","0469","2251"
"c1863ff9-0249-305c-a96d-c9a7c2cf632f","0056","0222"
"7babe251-e681-3cda-a02d-ae3254894df7","0056","0019"
"b585bd26-dd33-38bf-a69f-8e9f7b7c468d","0545","4014"
"5add7648-6bc1-36ae-ab4b-b8170684a2ae","0545","4013"
"b245416a-1cb2-3cd6-919c-4bde53be2155","0545","4018"
"d5bc555a-6955-3d56-8243-040a3ebc8271","0545","4017"
"5320ff98-7a31-3cf2-9ba6-427dbcc943bb","0545","4011"
"eda7ac38-2d95-3114-b675-c49966779d6d","0545","4046"
"0ab677e3-8261-328d-940e-9361e6f8f675","0545","4020"
"39445267-557a-3488-91e6-bd07695beb34","0545","4035"
"59db8419-c6b0-3dc2-bde6-312750efa117","0567","1110"
"44db8797-521f-3104-945a-245853d341b3","1246","0138"
"e2fda8fe-4bc3-36c7-954d-2597eef2c8f6","1243","1227"
"831c6173-6722-3464-a9c7-d066b08be7a7","1245","0022"
"316b5c0b-091d-31fb-8322-f0cc9f4b7fed","0545","3155"
"21cdc4a3-ffad-3103-8567-b94279098a8c","1245","0137"
"c175fa26-f502-35bd-8902-dae5de3d23a6","1246","0114"
"85d48cdb-8a44-35ec-a5b6-fdd920aef550","0545","4004"
"99ad73af-d4d3-3d21-ab73-c953fa7ec736","0544","0120"
"8a9b5cc0-6dda-3bae-b309-f5dfcddcde48","1246","0116"
"e1e0ebc4-4cb5-3141-a358-e718251a120e","1245C","0049"
"e2fcea24-93b4-3fd6-84b0-3ca808f7e09d","1246C","0138"
"0ed6e226-8225-3c02-945e-5267be252134","0574C","B110"
"3ab0be5b-2592-39f2-bc09-38c4b7f6d468","0560","0B11"
"0112dccd-3450-33dd-8438-c6523a22a98d","0544","L166"
"ca79ced5-1d66-3644-8df2-9d97f26d6026","1246","0112"
"1caf1289-4070-313d-98e6-f3c0e3eee0a9","0545","3153"
"f3b41491-8761-3f44-a0e9-cdd5fe9f7adf","0469","1217"
"33728ee2-761a-3019-9ec6-45bd2df0d58e","0154","0218"
"8a986bd1-9faa-3ece-b896-9904c4223d62","1245","0049"
"f6443bdd-0b3d-3133-97db-8572c39162f8","0400","0151"
"498cf5ec-34cb-3d87-b771-b0e97efaffb0","0154","0304"
"e9ba71f6-ce38-35cc-a00c-5f15c577e9d6","0140","2270"
"54c28420-4b9b-3b40-b2f9-3047f31573e1","0140","2185"
"92d038eb-9d77-3014-869d-d14fbf616ebe","0545","6041"
"da6485ba-7d37-3855-b23e-35e52fe32c7a","0557","0B21"
"9de6ca5a-bcc2-31c0-aaa6-52ac5f62cc4a","0076","0135"
"627fde29-8a53-3e57-9267-37699db2653e","0076","0137"
"bd68f458-80b7-3ae0-bdfc-3fda9303d6c0","0084","1116"
"00b42138-c107-3a9c-bb8c-10255b94169f","0080","0101"
"b56c1108-c3fd-3db8-a7f3-2de0137fc6c1","0114","0104"
"576aafb4-caaa-3812-88a4-c5fd435a2310","0087A","0351"
"70700600-4f06-3b0a-b8ce-f7b13bb5acd4","0408","2349"
"d4253181-00f7-3bbb-88b3-6a45fa999569","0408","2341"
"602dd974-25de-315c-bf9b-4af1ff4751a9","0408","2321"
"044edfc9-fc46-358b-8767-710f176365a9","0118","0209"
"f4e3aea1-31bf-31db-9b8e-c64950071ea6","0407","2106"
"ee9ce099-8761-3e97-b582-ed3f4536dda4","0453","0106"
"f5bb3122-3653-3d4c-aec0-cd574c99420f","0070","0010"
"1b04034c-6a97-32ba-958a-0dfb7a196a83","0083","0B20"
"72236669-25b9-3273-a4f6-4ceb8bc6f32f","0060","1510"
"4d06b3d1-42a5-3205-a015-5fd4729da792","0407","2108"
"372ad4e2-099b-357c-8ec1-439d6517916d","0408","2309"
"c92f169a-4850-33f1-99b1-f6847aac3a35","0453","0114"
"ff6c2298-4b07-36c2-a8aa-aa4d261367e6","0114","0150"
"7aa2b951-6137-3417-abf7-5d879cc8e12a","0106","0119"
"d6791bb1-c3f4-3bec-9719-79d92611b29c","0046","6116"
"731f9951-f3e9-309c-af91-ff84ba828d4d","0408","2345"
"5af58d93-279c-3089-a0d6-f90eb864ab6b","0408","3444"
"74cc64f6-27f1-30c6-a977-fe9c343da5b4","0076","0126"
"d9f0b5fa-6a6e-3f70-8c97-1bb0a8a210d6","0482","0201"
"2c48a80e-b6a8-322e-aa82-da77dda131af","0407","1143"
"d123f7d6-34e6-3495-bc8d-2fdd6e5181e3","0046","4308"
"e7988448-fd4b-303f-8b2e-72940c39a822","0408","3534"
"7ff36412-a2c5-3e8a-8bb9-80313c06e8e9","0408","3418"
"3b437e15-a06e-3d9c-ab34-ca8027005c50","0155","1257"
"4ea495aa-b64a-3ec3-8dd5-75775a027303","0044","1231"
"0e8a98cc-24fe-3383-84fa-8f802389198f","0044","2305"
"976e0430-4569-3f2e-97cf-e01a2bf325cc","0044","2309"
"15933a67-a696-396d-a6da-23976a9233a8","0400","L177"
"f86d97bb-737c-38ff-9ae4-e2b5aedcd7ec","0400","0345"
"214f7a69-b366-3427-b9b7-94f1261c71d6","0400","L173"
"1047a29e-32b3-3a5b-8877-5cad2be098d1","0018","4208"
"43517a31-e138-3f80-b4ca-51e87bdd4c7b","0482","0490"
"47a4c644-c08c-3f20-8f23-f8e7c741d94b","0400","L185"
"851ede68-e6d6-31d4-a8ff-8ae6c5d10b9d","0482","0578"
"61449143-1ddb-3478-b0ab-f88c93cdf4f2","0482","0587"
"f324844c-78ed-39ad-9ecc-d1a2b3a6786e","0018","6110"
"fc12aa4d-0641-3cf1-84af-4d92f1e37db0","0482","0387"
"7426f3f3-5811-33a4-ad7c-ffac37ff246e","0056","0214"
"76ddc49e-416f-3756-8ae8-4b92ee16d493","0018","2252B"
"4733b600-8dfe-3f81-99eb-0fb466d368e4","0054","0346"
"061da151-eafc-3036-a5d1-dcb2ccb4829c","0400","L155"
"cc52bc57-1c05-3aca-a347-2a751c3a7f58","0482","0394"
"cb7ac87c-62a2-35da-93dc-689ba4d8ae39","0557","0126"
"e25e31ff-4fe5-3f83-8fa7-2b865c112ea3","0018","2252A"
"c6c82dc8-4b30-376a-bc24-6098b7a4fe68","0018","6108"
"eecdc367-26e6-33a1-80d8-c0d532443c59","0482","0579"
"afe4870f-fce8-316e-b6b6-6dec739f8cdd","0482","0475"
"cf6e9617-f977-377a-bcc6-21d6af349fbb","0018","7105"
"78453f15-be53-3168-a90d-47e0da0a4046","0469","2211"
"ad584d3e-d793-3425-a147-66d8c67153dc","0018","4279"
"0867ce01-8212-37ee-8c4d-70a7f12bdc07","0057","2425"
"13372aa6-2807-32cd-b4e1-eaa472ceca20","0018","7115"
"e29dd683-4e67-31ef-aa7d-cc121e7b151c","0400","L150"
"e8f8c320-51a8-3439-90f8-be29a46d625f","0018","7111"
"a8314ff1-d184-3546-9924-bb1d46747a7e","0482","0391"
"fdce373e-58f9-3039-825c-689ff7601e4d","0470","0134"
"bb9eba97-b269-3860-b60e-804c98a90461","0140","2195"
"2bf67d93-b106-31d5-8208-a31e0467c524","0140","2175"
"1a806dc2-8654-352f-a9b6-1b024f24719e","0482","0479"
"e4668d3c-16f0-3fd6-9de3-fca6cc998b9c","0046","6112"
"58d2d5e9-78d1-39bd-a593-84cb40c45845","0154","0212"
"eadac8a0-607e-35bb-b2fd-121e6c50331b","0018","4290"
"da446c18-f321-3dc7-809b-c8fdc0ab3d78","0469","2131"
"c25fbc34-2af7-3774-b306-34ebf6acfecf","0018","7109"
"187e5358-1042-3d1e-bd12-e2dd3c89214c","0469","2115"
"39661635-359f-3ed4-b3a9-a9221d6a6472","0048","B119"
"d4175dda-7a05-3225-8175-94a470d5a496","1246","0106"
"038719f2-f5a1-332f-a347-57c8fc5cc12e","0048","B223"
"484b2b25-8b57-3091-b5d8-71cec2294199","0470","0115"
"92c7d363-5605-3323-a6cc-2aa705f21342","0469","2101"
"64dd82d3-0e5b-302c-83c8-b91fed402efa","0018","4281"
"b6c88a7e-94dc-3b75-8544-aa41f0d47ce2","0407","1156"
"565a251d-b45c-37f1-93cf-f63e26042177","0048","B131"
"b7c6a490-38cd-3291-ac20-0e16c9e49eea","0408","2540"
"152aba29-2180-3a4a-9f09-cdead4ec4773","0482","0599"
"7d9721a7-fa17-3676-a7ce-e8ce1c6d60f7","0056","0123"
"ec82b0ac-f6c3-3499-9202-b7d10b4eb11b","0469","2631"
"fce290a4-ed7d-30cf-ab0a-e4c64ecfce09","0469","2125"
"722ed8c4-d9e7-32ea-8562-273a83880470","1243","1225"
"0fabcc36-e3c1-32c3-99a9-c7c6ae53e992","0469","1221"
"b5dd07ca-e110-3822-8f92-e58b78b8126a","0048","B309"
"4d10c84d-f6d3-3d38-917b-7e4cf09243f6","0154","0301"
"7b170a04-2ade-38a4-910f-11c4e1c80a1b","0057","3425"
"415b4590-9eb8-3aa6-963e-6f8fd36d6647","0470","0101"
"698555af-8ec3-3b85-8e67-bd7fc53aba80","0469","2241"
"55fad7f9-0572-35ff-9934-72db0122cab8","0087C","0136"
"539a3e16-f725-3b90-9a91-46f6517823ac","0087C","0108"
"4581c193-a480-3816-81f6-a7587472bd43","0087C","0247"
"a9a44ccf-32be-3e7b-847b-314b3be56440","0140","1280"
"ebc1bf5d-5f43-35c9-b433-5063e594478a","0140","2190"
"3cad46aa-a6db-3170-a24c-942ee81f999d","0140","1185"
"026d4b38-9cc3-361d-af8d-ef162119f51e","0140","2170"
"3d762a73-371d-38da-8c33-f74f10ab19dc","0140","1140"
"f2b98d99-daac-3fe2-b8a3-4ddfa74f1f75","0140","3070"
"7f586659-68f8-3a2a-a6f2-667d471bdda2","0140","2180"
"4476fd21-88bd-35f6-aa34-9879d3475128","0140","2280"
"88ed72b3-b96a-3e98-97db-38075c48d29f","0140","2294"
"a8e50bfa-eb46-301c-be36-fd0009a1c6e8","0140","2339"
"409b3445-80fc-3ca2-a44e-f254ba48d5cd","0140","1170"
"f3e461eb-2025-3e51-8435-cedbee8569c4","0140","1180"
"21c51ad3-3a4a-30b1-a541-e4389fb1c52d","0140","2290"
"b841e5ac-6432-3bba-9037-384bc823f21f","0140","1175"
"35ad993c-ed15-3187-a6a8-acb148eae30a","0140","1100"
"4c1b3028-0b26-30ae-aaed-52b9b8b0057e","0140","3560"
"ed7c0b3a-eb68-3508-87ff-db8ea6d60e69","0140","1195"
"4e9c55b8-7c02-36c3-b907-3e832ea285e7","0545","4028"
"8e329fa1-f48f-346b-be36-d7dda7d8825c","0140","2120"
"aa6b0362-37aa-3a1e-ab36-3282907d2f27","0140","2167"
"9e771150-0a3c-3430-b5bd-fa3b8f352d36","0140","2080"
"da36e09d-d3bb-3962-9516-41a6f2936c75","0140","4580"
"7d4dd9b8-4a5a-3d7b-b66b-525583c0cb4f","0140","3335"
"ebf91d68-efdf-3884-b255-7f1fc082eb63","0140","2520"
"f9a8af23-959a-325b-96f3-4a6ce84f8af6","0050","0272"
"da40767c-63a1-3deb-bc7d-3dfafe36ea43","0054","0145"
"718eb41d-c5cc-3d2a-b7c6-7a59fb846b62","0470","0105"
"ed88ae25-f185-32d3-a380-d0221e671cc7","0050","0165"
"ac65a9e4-c30b-3264-acbd-7cf9320e8a0c","0470","0113"
"60d0fe52-9c1d-3696-910a-5473eb79c1b4","0046","5206"
"ec24d9cb-a768-36f9-ab99-13f3f1cace48","0084","1125"
"62749ef2-df18-332c-a2c3-16073a9956ed","0056","0B10"
"176b3e3d-c7a7-3f1f-be43-115a51019785","0408","1800"
"babe81ae-64cc-3b30-b6ee-cb0f21c79c88","0070","0125"
"a28479d5-33bc-38bf-a10a-cd8676dc4aec","0048","B102"
"ada0d619-4914-324c-aa44-b625ae4df2cf","0521","AB20"
"effa4252-8506-386c-82f9-f4530396abd2","0046","6210"
"51892abb-539b-3b23-af54-3edb8c5bb118","0053","0180"
"e8e7277a-bb91-3cb2-b21d-fe5b25515975","0047","S413"
"1dbb7ec5-ad5e-3dd6-8282-48b5bde09ec6","0521","A230"
"bb727bfb-2b48-3dfe-bc71-595509107c64","0521","A220"
"6c54ea01-d589-3379-b5b1-4d6ca34f488a","0521","A257"
"34d2c6bf-a685-3154-810c-f35db51bd417","0469","3650"
"7b517c8e-7d92-3485-b2a0-60511580456b","0046","6310"
"8a4cb3af-d668-39c1-b3d9-f685ab4b2550","0046","6224"
"6fdc736b-43b8-37df-8d25-055a47b915e1","0046","6113"
"3893134e-e1cf-33c3-a71c-06a3d1b3213d","0046","5230"
"643ec16b-ffa8-3402-8aa8-feeaa068565e","0046","6101"
"106c1051-d8ae-3e52-8558-feaea2e59e0e","0046","6228"
"6c0b393c-8208-34a0-bb41-4b4ec8292357","0046","6102"
"ade3cb16-8eff-3e21-802c-ad83cdabdd36","0046","6125"
"2865d1c4-3b34-3a05-a561-ac682349b30c","0046","6322"
"e5022bb4-4cc6-3483-912a-73a0d888d3d2","0046","6109"
"ec2d9737-0f76-3dc7-b8f3-e69ea51e1a9f","0046","4314"
"068013d8-092b-39ea-921d-d267132031a6","0046","6117"
"5acfb8fa-8860-34bf-b551-52c7730f0a7e","0046","6314"
"70300ce5-b6e0-308c-b232-7fcf14e464b5","0046","4322"
"4ed569c3-9915-39ba-aa67-2aab555b9b74","0046","6240"
"f09b19b1-6d32-306a-acb8-b3a5611f4706","0046","6232"
"1891f3d9-7735-3876-8b31-d4b430a2f4e5","0046","5128"
"fa2f94bb-ce31-3739-85a0-7323c9d45028","0084","2131"
"85af08dc-d1aa-3bec-a033-03fc1bde0d49","0205","0175"
"c5aac439-a567-3713-a204-09e6a4449c10","0084B","1144A"
"980c6a48-fcad-3313-b196-0cabd17f2ed9","0450","3150"
"75d9a16d-826d-39da-a5eb-1ce75f5d3ad1","0450","6225"
"d9d3d3c7-69cc-3c8e-b4e5-7d8d24c612ac","0469","6261"
"04bce8bd-3b70-32eb-90c7-504b02fdebbf","0469","7621"
"38d7f3df-55d7-3ec7-8e96-8ed00212db86","0469","6411"
"733e9e63-6e87-36f2-80cc-35515d9abd25","0469","6101"
"97daaecc-3f70-35b2-81d8-814f6d3b53b5","0469","6127"
"a6ebf587-b2ec-33f9-9fda-28c5fe839a8a","0469","6111"
"400a84a2-3fea-3762-be46-7a46964d33fc","0544","L160"
"ffaa055a-3717-3b2c-be67-8534a9d9bc82","0469","6365"
"d01c2d07-e58a-3c9f-a6fc-a18050ca34e1","0220","0155"
"7fd840fa-f174-3909-86cd-4b20b4d841ff","0469","6321"
"80a914f3-6a27-38d1-be2a-f3db5aa84463","0469","6231"
"d2c315a7-031f-30d4-94a9-5e18d7bc5db5","0520","0235"
"c2d2e99b-1ce4-33af-b1a6-7e7749e01342","0469","1131"
"d50d0163-58bc-30db-b89c-fee7327f55b9","0220","1274"
"f4ccf94a-5c59-3a6d-97e9-d44c4ca6a0fc","0469","1641"
"99f924fc-7c85-362b-bf8d-8172a0abf9f9","0482","0209"
"f82ec8c4-4ea6-39f3-933a-706968049a75","0154","0228"
"a4436f44-ffe7-391a-9da5-c62fe309cfdf","0482","0205"
"33f2c564-b237-3486-8b0b-01f316e18055","0482","0123"
"168b5e6e-9efc-3ebd-8fc3-0e7b08b552a6","0000","GA"
"33a1a7db-8d28-3de5-be6b-2b161238325c","0482","0104"
"4c645426-b82a-381a-b39d-50c01d23638d","0482","0240"
"ba2830b8-1ecb-3dc7-a8bc-295d7a66a4b2","0482","0119"
"38abcc33-c69a-373b-872b-ad42d866fa42","0482","0215"
"b8519c2d-0549-394c-8cc0-eb2ed062b6ce","0482","0148"
"836ee321-067b-305c-80bc-f6ba6e6e6faf","0482","0591"
"52055196-99af-36e8-837a-3f563b1da599","0057","2327"
"de955b71-9e71-3e98-b321-2ae35dad4d80","0482","0223"
"0ef0e405-5a99-3847-9b64-ddceb847bba1","0451B","0140"
"f17ca135-9689-3131-81d0-e597b280d129","0402","0132"
"e99e95bb-f15b-3be0-947b-db9023aa7b15","0057","1323"
"fd7acb7e-c925-34a6-995d-7afe4f488252","0050","0054"
"21fdad36-a687-37b1-80fd-2b9bb8ebe107","0060","2301"
"ab09b0c6-d25e-3e8a-bc6d-817664bccafb","0060","1420"
"9e211ad8-ccc2-3787-b705-72f3db663176","0084","0125"
"977c95d1-4769-3774-b47c-c8033baa8891","0084","0132"
"002bba63-20f4-3602-a54b-0e4aa4b8b7d8","0060","2511"
"2a7e39ec-4f72-369c-bd77-e0f29d89b3c8","0090","0111"
"d1e73bdc-9663-3d06-9a46-01ece4c19bf1","0118","0212"
"6f5545ab-83cb-3ef3-ae1a-71fdf732c21e","0118","0134"
"cbeb647c-6873-3b64-b1d8-2090e41ca731","0482","0115"
"6478f958-e7f8-380e-8243-1c60b310be03","0074B","0270"
"4ef0b705-8a2e-3351-81a8-8514aee2ef1b","0056","0115"
"479611b1-7486-3671-b617-38b82027bb21","0482","0227"
"66739fe1-b7fa-304b-b294-41b1d39474dc","0482","0140"
"79e06e3a-1390-369b-9324-b71e357ac3e4","0155","1240"
"df890dac-623a-380e-847f-f5ac04cc5f65","0056","0014"
"73fa1042-9a40-34a4-ac14-729a4d83fdef","0046","6105"
"d2e4295b-80b5-345e-b280-5a952a9d56de","0060","1520"
"9fb25a03-af8c-38c6-a9b0-6b67191ef04c","0046","6304"
"0d0d41a9-6aee-3102-a4e1-7b2369ddbc50","0408","2305"
"30084635-cb64-3dbd-9bbf-5b45b27af3b6","0055","2135"
"7df5c6cc-71be-3843-b643-62f3c3b0fa7d","0048","B305"
"e7315c7c-9c45-3dd2-9e75-fa7780fea523","0048","B317"
"54bf7584-fd49-372d-a96b-c31094a5825b","0048","B135"
"2b80d99b-3ea9-33ae-b5b6-c95b3c3050ea","0048","B333"
"058b97a9-bc4c-33a1-8d3f-46c526e27344","0048","B211"
"3168dd83-ec97-322c-a6bf-b39fadef3726","0054","0350"
"568e856c-0452-3122-aba8-8dedd44be7db","0048","B313"
"165c677f-2362-3405-b219-c122ef48bfb9","0048","B235"
"75b74032-f03c-35da-be36-4e60c372c85a","0048","B337"
"523bcd6b-5ea8-3689-acf9-5f7f80e606e2","0048","B329"
"097493da-0c8b-37c6-a1fa-9cec594d2a37","0057","2333"
"d115230a-7243-3eb4-a635-2e078e777e05","0048","B129"
"e23b00de-5f80-3acf-bed9-555a93d85f13","0056","0114"
"7df59d1e-7997-3d3a-8958-43f4200c3278","0057","1327"
"3c7cd251-2430-3b33-8e49-65525c79ecd2","0056","0116"
"a5c8a4a2-d282-37be-9021-96c6dd25ce43","0057","1407"
"ee480bd5-bc09-32f9-92f2-eca80f721225","0050","0055"
"a54eeeb7-baed-35b4-ab83-c58c7c4523a3","0050","0053"
"5ede0a5f-702c-3b9c-84c8-69dc6cea542f","0400","L196"
"32535cd1-4af4-3605-8e61-d38dc2b6300b","0055","2108"
"21602659-e0a6-390b-9b1a-23e9d696d746","0050","0052"
"ee30e541-c348-314a-80cd-675a080976b9","0050","0058"
"b4bfb1f2-4ecd-361b-bb4f-a7f46e62602f","0048","B105"
"938fab57-44f3-3703-b109-8217d0b73cf0","0482","0219"
"949fb9f9-f728-37b2-b9f0-86cada95cf6e","0482","0207"
"b193830b-290f-39a8-a65a-fcd29160dc86","0048","B341"
"0a74f8be-29f5-37a3-82e6-6f4be2901bb8","0057","2403"
"6599cc17-d69e-3fb4-8398-4648862ea26d","0054","0348"
"584ecbd5-93d9-3901-8d52-b9c9384be47f","0074B","0357"
"2b8290d3-86a5-35cf-a434-6ce26451fbd1","0482","0286"
"ecc01b87-7344-3ca4-836d-cb94ecb4916d","0482","0290"
"5bfacb16-16c0-3a74-a99e-9148bcd265d6","0048","B123"
"80e61223-1026-3d2d-b8e3-0522bab639d4","0469","2625"
"ca54b102-cdbe-3e3f-b301-9f6ffa5b43c1","0402","0342"
"de37500b-9ac4-3da0-938d-5ef86d8020f4","0469","2221"
"3791b19a-d75a-3ef1-b5f6-771a3a62a435","0057","3331"
"791445e8-c1d0-3164-9f95-26645a4ad148","0057","3335"
"79e6311c-eca1-31dd-97bf-98b994c66eb3","0057","1412"
"a263dba6-fb50-3ea7-bdb5-c41894877013","0047","1351"
"00593bf2-b562-3482-9bb3-e2b5e7e00a16","0469","1101"
"c99bd3a7-b8f9-3da5-b071-3e7bafae3398","0402","0553"
"3c570ec9-1a27-3902-a16f-d1676890e63b","0469","2231"
"d624de4f-7737-34b6-bfa5-09d73325e11a","0469","2121"
"a8f4fc71-3411-3a77-a7d2-3bfe6e1fe2d8","0469","2111"
"15315810-3419-30b9-9585-8c26f488bc2a","0048","B115"
"693917b2-4dad-3216-94ec-18135939342d","0047","B324"
"f0f870e1-74d7-310d-81b0-aba4c65d185a","0047","B328"
"09065e21-7563-365a-8be3-ac992afffd6d","0114","A228"
"1f1ca147-015c-3056-9ceb-dcacae1c9b85","0047","B336"
"9477d5e8-14c8-354b-9f96-03b76d8e549c","0154","1053"
"9064c273-5c96-3b50-9ed7-96e3a825bf60","0085","0118"
"e07b35b5-7cd0-347d-8018-e764bee329c9","0129","0106"
"0d4ca341-2ec3-33a8-9447-a71bf2c0b259","0129","0109"
"7a38af32-0141-3f52-8630-e446c1d5711e","0129","0119"
"21cc6ab3-6a94-3599-85b6-375d1682cd98","0402","0539"
"9d43ad9b-2aac-31bc-8009-658d37743d9d","0085","1135"
"85cefc6d-f7f1-3a8d-89c5-8b07f81ed5a9","0470","0103"
"aa9f73f5-9451-32fb-8b71-680fc8c090e5","0047","B371"
"232bdfb6-f2b1-35dc-bbae-8a28da5361a9","0470","0138"
"c9e616f3-a027-32e4-ad60-010571f9b23b","0402","0455"
"0469f5fd-2d46-326e-b872-9ea535d9a3d5","0154","0303"
"019f4e61-5dd6-3ab8-9b79-667e3592c99c","0402","0261"
"787420d0-886d-3c0a-87ad-781130d67849","0402","0528"
"853994ff-ef59-37ae-ae1f-6eb91cb1466f","0402","0379"
"713e3fb4-a729-3446-bc2e-3e1e94702447","0047","2311"
"2e76b163-f0a6-3ca2-b1bc-5ff8eaf72320","0408","3024"
"597a7a2b-73ef-3174-a69c-619d83d6ef3f","0470","0121"
"173748f8-8e61-35dc-abe5-2e46c50cec1a","0057","1313"
"a8c76bda-bdc0-3177-a035-c1262ce8f167","0047","B357"
"ec24a4ec-e11d-39c7-9108-37151b297df0","0400","0347"
"3781001b-f7cb-322e-a21f-c21457e33286","0544","L170"
"f29c62b2-27a4-3bfa-812f-b5828a2073d0","0482","1312"
"d2b348c0-2648-3870-848f-8d4b4f48e25d","0482","0818A"
"a9ef40cb-5cf2-3759-8157-674d2e868ca4","0053","0280C"
"bec08034-1a56-327e-845b-c10d1951d48f","0053","0444"
"6dd3f1fb-91d0-3cda-a228-7256edaaf7e1","0053","0548"
"c00e22e2-ada4-3177-8094-a5f86dcdf714","0053","0350"
"7fedc2e3-8162-3ab5-b5ec-b1ca85134e06","0053","0388"
"65b5c68d-4939-3708-9454-86648dc4d54d","0053","0450"
"cd25fb19-6c75-3596-bafd-120eac901789","0053","0110"
"33f69fe2-fe56-3b35-9302-7b6d1954b556","0053","0175"
"984b4748-d337-3083-b6ae-726bf863386d","0053","0378"
"a739d843-cc31-3bb9-aca1-96fe1697ee51","0047","S429"
"d6954aff-6d2e-33b0-9c85-df25cd405fe9","0053","0280"
"7d7f8801-6edd-317a-9fa9-ecd1c2df36ac","0018","5193"
"f4248078-b8ba-32f5-9244-4d47cd3cd7d0","0018","5181"
"c731d9db-3bc4-3436-a5fd-7954098d3193","0469","2619"
"713b092b-5017-3d55-a8b0-21c6c024209b","0018","4275"
"53f46826-6db2-326c-b3a3-00d01f86300f","0469","2653"
"e0c87865-7211-309f-9a4e-718c29804feb","0155","1221"
"230b851c-8339-3e08-8414-a60edcb280fc","0400","0147"
"00f5325d-e8cb-3144-bbdc-03277f24a6cd","0053","0360"
"0b6370da-3e5f-38a9-aa1d-576a790c2f60","0054","B302"
"8cdd5af4-0802-3ef6-957d-6aafa0b36907","0400","0318"
"2ac439fb-5c0c-3cdf-bf4e-553e763e8e08","0400","0339"
"aa867b85-fad4-3873-b7d9-865c27c065a0","0055","2241"
"92d4b3ef-3142-3a71-9f48-47ea981cd96b","0400","0249"
"394cea85-37f1-345d-a4a1-6464da1a1ec4","0047","1361"
"0d10d595-ea84-3e4c-a591-11ecadb78eab","0400","0234"
"1b00768f-cb51-3896-b11d-bf7addbf2e03","0018","4212"
"d8d9afe6-a670-3eff-a07a-ada36d5d6d9c","0400","0229"
"939d1b67-73c9-37e6-af2c-9dd5b5ffeeff","0400","0242"
"d033c806-0411-30c6-a6f6-0263043ccc9f","0114","0184"
"7c9ae38d-bae9-305c-8cf4-9f5ae008cbb3","0400","0330"
"52bf8f59-74e4-3707-82df-dc23343d2c9c","0408","3355"
"5b3667e7-369b-3677-8340-b7220d009f2c","0400","0434"
"116e64fc-0817-308b-8b93-088122a8ceba","0400","0228"
"75fa88ac-9593-377d-b1e9-1efe358fd6ae","0047","B344"
"822e033a-5114-3c02-b17a-da5f56408f40","0402","0168"
"de063252-97e2-32f7-9c9b-e6e5a47cabe7","0088","260AB"
"81e146de-4d2c-373b-9c0c-a555031d6259","0084","1120"
"e9f73325-cab9-3cf9-a2fe-7c954a0c80b2","0469","2451"
"f1d166d8-842d-30cf-b61b-0847144934ed","0469","2531"
"763813ce-ff70-3c69-8c78-f2a34fb20402","0469","2521"
"e276ccfc-ccd1-325b-85c7-61bad724db21","0469","2330"
"a6594e06-e6e5-39bb-ba5f-feafc2fa2444","0482","1151"
"8cf05aec-03a2-3b7b-8c55-e8227e043520","0156","0823"
"82b187b1-bbe7-3d18-9a7b-91902bc290b8","0156","1411"
"9437e63d-1176-3618-9c0c-92bc0989b14f","0156","0811"
"904f05f9-9d07-3d37-8a90-f968095b625d","1095","0140"
"be10bbc0-9f0c-3cfb-acbc-f34b5d544af1","0025","0150"
"9fcab703-0c7c-35ab-a1b6-ff8db7e5b0e5","0503","0101"
"1a023cff-50ba-32ee-96ee-f44a168c1a12","0407","1152"
"ce2f66e4-3bfc-3c8c-bcab-47e70dac4f46","0055","2124"
"0c8f6d80-dcde-36d8-b118-ce4d0b5e93fd","0469","2561"
"665eb72c-25cb-367d-9e0c-1cbef37ae477","0103","0006"
"dc9a4c12-390e-3a51-9d52-d7de4f37165c","0408","1209"
"7cec6416-2ddb-3814-a8fc-5a4e3ed3e30a","0018","3255"
"16dddc78-444e-38ea-a392-03df45158d0b","0408","3359"
"b3a9413a-905e-3cf8-8f48-19704c31101f","0451C","0281"
"07ec4f15-296f-3777-aa08-93a821116a16","0054","0158"
"21c19db6-6a7a-3ba7-baa3-ac006c94e3a6","0054","0113"
"f11d9506-23cd-3052-b1fa-e7261a80add7","0118","0128"
"a15d6e3e-8e46-3731-96c2-805a38a831bb","0402","0334"
"c43f5460-074f-3f01-8117-1fca6e59d354","0031","2055"
"1d91e528-e6e9-3db7-88d8-9f5ef6ee7b3f","0082","1240"
"a4bf599b-96c1-349c-8724-aca5ae6429d0","0545","1090"
"d90fd659-4ffa-3536-87b1-381855199a0f","0469","2611"
"cd97573c-49c0-32ad-b815-a508e5c95e78","0155","1325"
"3215b86b-a4e4-39fe-9818-7e6e75569076","0400","0145"
"6dd084e5-1491-34b1-8531-ecffcc43159b","0060","2425"
"6314a4db-e661-3dc2-b568-cbd07a78c549","0084","0020"
"f6c830ae-3bbb-3cd8-8380-71eae7f3007f","0521","0140"
"f92501fb-d372-3cfa-b3ce-56730763bbbc","0057","3401"
"f6bdf719-cb9d-3798-8fd3-9cc84ec1a0d9","0047","2336"
"79599dda-41be-392d-ada0-349a9f781496","0070","0038"
"514e6b42-f646-3b16-9d91-1911e59a161a","0407","3127"
"7f8b751f-acba-3b3f-bf60-d121116005f2","0408","2261"
"c2932f69-2b87-39e6-adad-6ac2e4bbfc66","0407","2121"
"4f5c42fe-f8d0-3416-9b1f-71153b5ab7de","0408","2265"
"b3435a89-719a-3ef1-a73b-9f26dede8e56","0408","2534"
"7feffd10-2dd1-3042-b93b-87123cd29e7b","0155","1289"
"a02d223d-6f52-3ca3-a343-7af6a76daffd","0407","3126"
"2ae87352-cfb3-39a5-a1f1-7b9a1e64ba32","0408","2317"
"4af42ef6-bd2a-33ac-bb1d-f710cb07427e","0407","3121"
"675e80c9-242a-384d-ad59-3d24a61815bf","0155","1207"
"81fa8527-5b3a-330c-8e06-d9793ced4171","0407","1164"
"e3e6666b-4534-3e9e-aeea-63baeaf97f7d","0408","3345"
"5a0476b6-ebb9-38be-9360-0fe406310ac9","0408","2255"
"e6b90e9b-428e-3c16-8308-ec089fb24363","0408","2324"
"db7a8a7d-07ab-3ea7-85c5-1e6d96a1e184","0031","1140"
"f8d2bce8-13ff-3373-9f7f-83f0eefc9189","0408","2239"
"1bf2423e-c942-39d0-b246-83cf8d3632c0","0402","0251"
"c714d6e6-66ad-3bf2-b8fb-ad2f4158e32e","0402","0241"
"4a5ee44c-fcec-3eea-a866-e342b9eae6ff","0469","6421"
"1851d259-d48d-3a1d-9d8d-cee5ce4a6d94","0470","0210"
"350fb6d9-307a-3ef9-9743-85cd637bdfe6","0082","1441"
"cf11f9fb-707f-3555-ab85-2df4ae51c268","0056","0105"
"2eba5625-208d-3e40-af81-5aaf6a8144e6","0057","3315"
"be2cbb01-df59-3036-909a-efbd1668faba","0055","2112"
"f36f8df4-92c9-3cc6-a6aa-185c6d63e783","0469","2551"
"3a802d39-a34c-3f90-8ed5-94804ce4b73f","0482","0849"
"752f7cb0-100e-3abb-af82-0040c9c0a559","0055","2116"
"f00d547b-c14f-3099-9c4b-eb07ecb60bff","0057","6515"
"6831c125-7404-3900-80fa-4ae6a75ecf0e","0057","3517"
"67d1d885-ed41-3722-b5e4-a48576ac7f07","0085","0021"
"914e7222-6658-3628-bd7f-d0806bdc5593","0057","1421"
"2f6ba76f-e0d5-3f73-9733-1c102d422ef4","0057","1413"
"357106f8-ce77-3871-bf2a-3cff5ad4b918","0057","3525"
"51fc9f66-8bb1-35c2-a2e4-1783f28871a6","0047","B379"
"1225626b-a320-3897-8f24-705c363e680a","0047","B383"
"f0c8bb46-79e6-331f-a821-4090681520aa","0047","2317"
"99ceb50d-afc8-3961-8f0a-4a24b8c43d9c","0047","2325"
"12b16722-7bde-3254-b81b-1ffe3846e7d5","0047","1341"
"7ad3725a-943b-3619-a07b-c1f6648c66f4","0047","2307"
"7622b529-6577-3cd0-beb8-150b64038f69","0047","2377"
"3e11cd18-8b9d-3cbe-8bad-c23decb76837","0047","2373"
"1691e97a-c3e2-3679-a259-ef2bfcc75bec","0047","2381"
"4fb3e917-119b-313c-9384-fb879177fa69","0047","B351"
"3a52b137-482c-3b0b-8937-3f38367a3340","0047","1329"
"8248f958-d7a2-3762-931b-3f16232f9adf","0047","2385"
"94a9d573-c0e8-30ca-81ba-694406eaa0ac","0047","B387"
"b9635026-5aeb-3429-809b-9f2571c846bc","0047","B355"
"159ded7b-7443-39bb-bd58-174cd9db2839","0047","B331"
"db4a798c-92ee-3abc-ae37-9af2447a464b","0047","1359"
"e7cff8d4-6a61-35c6-8158-b8083f311643","0047","1311"
"75aaa836-3b2d-31fc-9a12-c34ee539b01a","0047","7431"
"8248dccc-0461-3de8-9fad-3a08fe8a21ea","0047","7421"
"1f8bb141-8d01-33c5-b7f8-89491c459dac","0047","7409"
"ca0e6bf8-4635-3028-bbc8-af1120817267","0047","7419"
"df99a6b3-aeb0-3ee3-b32d-2fb0e6356521","0047","1331"
"cf6a8b72-574f-3875-b494-2d1f7d6da098","0047","2324"
"bbfb4e55-943c-3108-bd77-037f984b53e1","0047","2328"
"cab0839b-ff52-3151-9fe8-5c57b8e05bea","0047","B359"
"af890006-3922-3540-bbe0-850736f10af0","0402","0579"
"0c1fb3c8-c279-3fbe-a704-344cd1ba7abf","1247C","0010"
"9826a632-9de3-30ae-ae45-2e732e717f40","0047","2331"
"ed541d67-98ec-34a2-9709-ce0c90f53190","0450","5385"
"18c8d8ba-e33d-3b33-aadd-6a2df2f087b3","0047","2344"
"ef368c9e-66ad-37d6-bc18-be66bfb479fc","0055","4328"
"3d2f6108-c574-3238-8559-8b78652754a2","0055","4320"
"3767a755-bf46-3d70-b607-1ded3f01fb18","0520","0275"
"7f655843-85c3-3c41-b072-d0449911d072","0154","0310"
"98917d77-5075-38b2-9ffa-6fcba899bbcf","0154","0308"
"f964457e-9a15-3939-922a-60d27e380811","0140","2210U"
"563976cd-2578-3a86-8c86-6def72da7c24","0057","3304"
"a20dc1e0-892b-3be0-bbe8-eb38d37f15ee","0006","0327"
"2e789bba-984b-3945-9613-4852a8efe4e6","0006","0325"
"edd2384f-11ba-34d5-bbfe-25520b1c98b7","0018","7117"
"53ee561a-3e94-310a-9d6d-201601a27306","0469","7451"
"3cdcbd57-8748-3e11-ad48-1604868f4497","0047","1335"
"55d382de-745f-3198-936c-1d2a2b638e29","0047","7449"
"19acc4e5-a194-3908-9e67-6d9543c6dd81","0047","7445"
"7b812ce0-5199-3f9b-87dc-f24a9970fa4a","0047","2359"
"d1b72199-14c8-3e7d-b47e-4020ec377c12","0055","3320"
"0204f8cc-4851-342b-990a-69ed64d3dbcd","0055","3328"
"a893b71e-c0be-359c-83c4-80f09a831458","0118","0226"
"b8856efa-980d-3350-aee1-7637a2e802c4","0430","3260"
"622e748a-31a6-33fa-9098-3387bfe5bfbe","0031","1190"
"81fd221a-a176-3780-a6ed-b10abe874c21","0046","5310"
"251c0058-2b33-3e2b-9a12-518007427ed0","1480","2272"
"7d5fcc77-4c7b-3712-9196-94b5fc1bc79d","1480","1220"
"80bafc43-3b73-3760-a36e-c752e00bd86c","1480","2280"
"7ea236e1-ddc9-356d-a9ce-88aecb02d11d","1480","2276"
"d9624fa2-e264-352f-b137-961b2290211c","1480","1306"
"7a085d18-6bd1-3d36-a5d2-69a35d6fe11d","1480","2284"
"2cd94d2e-e686-35fb-82a7-fbc998a1b99b","0044","2334"
"a6313ff1-d376-3e62-bb3c-811faa9ea44b","1480","1222"
"fd7b948e-823e-30f7-a443-a3ef8c25da78","1480","2288"
"98550cf7-0227-3ac7-868d-55219385f495","0044","1121"
"f12ac46d-9e7b-352a-9090-09a34d6662ec","0044","1331"
"586eeb3f-d90a-349c-822c-150844ed9728","0044","1321"
"3c35020e-48df-3497-9b0d-9249cf8e3069","0044","2342"
"708d90e0-ff42-3ea8-a562-2ff9c5970a38","0044","1227"
"067a5dd4-2aad-3f7d-9c12-1c87c809f91c","0044","1303"
"4a564162-10c0-31d7-86d5-70891af19bc6","0154","0323"
"71f3b0c1-f14f-3385-9518-d43d3a24eff5","0154","0319"
"a55d9121-3a65-3158-b7c2-a4f784f954b3","0521","A320"
"c482456b-9106-3ff6-827b-24f5e0c03d85","0085","3186"
"4cfeec35-1c55-332f-b0a3-d166d84bcad1","1079","1125A"
"98c8f750-5f20-3b19-871a-39238f6fbe70","0153","0131"
"cab0f053-cc4c-3764-938c-709ec40d1a8c","0153","0336"
"5608d3c4-3bdb-33c2-998e-be485e0bf046","0153","0401C"
"ff59c323-c877-34d5-98cb-e62b47aa9861","0006","0335"
"f34b12b8-4aca-3500-8ff3-14b23be7d5b4","0408","1213"
"b80e7f4e-99ad-3b02-b0b7-2bd1c411e136","0153","0346"
"bfc63391-f27d-32f2-b07d-f62b442663fe","0469","6431"
"2875e330-40b0-3261-8871-dc3b1a26d29d","0469","6441"
"41868b81-f6fc-3c42-9e5c-394ba77e80d8","0521","A259"
"54674284-a78d-34d9-961a-1da636ea580c","0482","0274"
"e84b2321-317d-3b82-aae1-6f76121e5ad1","0047","1435"
"f91b9895-fc0f-3d3a-91e5-53206ede5a07","0055","3124"
"cc27f418-1d20-36c6-ae6c-a7bb2cbf6d39","0521","0470"
"511b1ff5-dc42-30fe-a577-e23d0ca1aab8","0521","A340"
"ac712972-c1bd-334c-8a66-907380119516","0521","0468"
"e3cab57b-dd5f-3616-9593-2976b503ee10","0021","B181"
"91791afc-496d-3710-a769-5f638304b7ea","0408","3349"
"a62e58ec-0576-33ff-88b7-c8cb73815d3a","0018","6144"
"6a87bf4e-42ef-3b66-8b2a-62f0b9c96711","0018","7121"
"b97af73d-05d0-3062-a31e-86775ca460e6","0018","4191F"
"2a63b708-2bbe-3afd-87e5-dd7042b282ed","0508","0420"
"3b43f1e5-30f4-3af3-93a6-f9a6233eac8e","0470","0107"
"56869a1a-fc3c-3263-8306-5251d05fb0c8","0404","0410"
"3e978694-8dfe-3221-b50b-c0d80f484a02","0404","0410A"
"ba76191b-080c-3d3b-8f87-a4b3302c9c2c","0006","0313"
"a6174f38-d475-30a3-9f06-95ed2dc2920a","0482","1351"
"8b547a91-349e-35f8-afe4-64e40969b37f","0076","0139"
"754ebaeb-4018-3481-ad2d-1e4c1fba0715","0083","0112"
"bb6bbac4-abb2-3be7-98ad-b72e7aaef705","0083","00B5B"
"70148f0f-36e4-39ac-8fcc-6a127744c3b2","0469","6541"
"7c7443b4-471e-3539-9ee1-3b04d3cfd9d1","0407","1153"
"eb025a80-2230-3b39-8c6d-a5d3cfa8551a","0408","3032"
"cc10a72b-6694-3eb9-bfac-09543e03feda","0215","2516"
"0afb0463-acbc-33f3-a1ad-e57194737536","0057","5517"
"952d339d-203b-3b7d-a0e8-5ad987f8b8a8","0053","0188"
"72ecafde-e56a-3f6c-af94-ba52eae5dde1","0047","2365"
"fddb6072-2347-3745-9d94-732e20ded2ba","0450","5360"
"0d1511dd-e2b5-3bc5-ab13-c4296cfc6b22","0047","8419"
"571e4c52-3c5b-3758-a7a3-f728281e2bc4","0047","8335"
"2acd5359-8d50-368b-99f9-5a019401b9cb","0450","2150"
"4cabac38-ee21-3b59-8562-a175f375bea8","0021","B101"
"6dbef257-6282-3fd8-bbca-2774df2c732b","0140","1220"
"28883e39-8874-3eda-916b-1abbd9b3e576","0400","0327"
"3d68c90d-7006-3de8-b2dd-c5cf4ab1b966","0455","0240"
"23111d38-4183-3bc3-9308-a2b82629ea3b","0400","0445"
"859613a8-ff80-3c73-9549-6b1bc668dc52","0400","0299"
"7a47d3b6-f310-36d2-a28d-96ddf22276f2","0506","00B9"
"08b8190f-acaa-333a-b62b-5aa6524c5922","0400","L138"
"7d1caa39-112a-3c5c-9436-66489439e8b1","0400","0245"
"1006ff55-8742-37cc-934b-314a8ced61fe","0400","0154"
"8cd6d767-d21c-3d5a-aa41-b9f88411a571","0400","0198"
"3d30ac45-7940-3e5b-8dd6-a60982238f18","0404","0405"
"ce4a2d03-9575-3700-9fce-eb7b64af6c82","0408","2535"
"a3ff0c16-6f39-350f-b1c5-7c48c6aa6184","0031","1108"
"bfb2ca98-a885-3955-ad29-17132eb3d1d8","0450","6250"
"6d01f942-c1ee-34e9-94f3-e7c32cb19188","0404","0410B"
"6c3501c7-724e-32f2-80d5-b6eae973ab57","0545","3170"
"76fe259c-59dd-39a1-af75-fd402c7ab574","0449","0290"
"524dc1de-2ad8-3f80-8057-e33533c49334","0087C","0128"
"7fcb9009-393b-3a89-bfa1-38e4403536b7","0085","0434"
"8c4c1fbb-4d8a-3510-a5a5-217d68af3017","0057","B305"
"b2d4b796-3f36-3886-8059-3980d0d9c871","0057","B319"
"2f5347d3-1465-390a-9600-3a6bfe2497e5","0085","2235"
"7f9fa806-ce9d-308d-9de2-ce48f8113cc3","0085","3103"
"9b16e21a-eea3-3f41-9828-0ce555ed63b5","0053","0230"
"d73ed7d9-bb23-387c-bae9-79609af7f805","0451A","0331"
"da6f373c-ceae-36ea-a2a8-f85ca4ca56c3","0469","2541"
"2963e249-176a-3320-a3b3-c7e8b8b17b8e","0031","2081"
"84e31849-0672-3ee5-8858-25f29597b059","0114","0295"
"90870fca-9eb9-31ea-91b6-f91b95588990","0114","0584"
"d28a32d9-5f20-336c-996b-e40caf3b9210","0028","0250"
"cc891ff2-2616-3aa9-9cc6-e75b0f17dc23","0081","1129"
"581f6646-6abf-3ea0-a5bb-6818fb6483ca","0450","B203"
"28aeb647-0a23-3e25-808f-0ccd109e2ea2","0450","B206"
"21c66a30-d7e5-307c-997b-6574aae8f060","0455","0120"
"00735bcd-0eb2-3cae-9453-9e498ea6a3a5","0140","3325"
"da346162-77c2-331b-9c31-eb8ee0092964","0018","1193D"
"a44c46ba-c896-3739-9651-fe10a6d4999a","0079","0340"
"b3588a4c-922f-3e90-b59f-596da66f27b7","0470","0311"
"db6f0427-cf1f-3871-8bff-d647e55aaf33","0576","B112"
"05de1312-0d19-3fa2-be96-f26c50ab63c5","0507","0016"
"c82cabe8-4564-3fa9-bcd0-37c29396f32f","0054","0118"
"917b032d-b31f-39e4-9048-0b6be064e0ce","0054","0122"
"8a0305c7-ba4e-33f2-8699-07d6b1af980f","0449","0190D"
"f47a4ce2-af77-3f1e-9c40-05c0a9abc2ae","0046","8146"
"bb78738a-e188-3103-a090-b4f5a3befe26","0032","0415"
"935e195e-f6d9-387b-80e7-12e38f5a4b6f","0502","00B1A"
"9e1b5cb4-ef1b-3167-9b15-57a2d5677652","0153","0350"
"2fa54408-e4d9-3c79-be32-b53d4a2546b0","0032","0229"
"3d2684b0-0cea-3747-a465-0c6404ee7423","0070","0301"
"674a53d4-f429-30d8-9268-3d6eb6aaeb7c","0070","0354A"
"0b0f09e0-2e40-3928-bebb-8896268a191c","0545","1153"
"dbdef269-202f-393a-bf51-c260c9ef1a09","0545","1132"
"dc98d8ea-63fc-3a90-aef6-50dd254b9cbf","0545","4010"
"b13bcf62-a980-3e95-b317-17e47834f091","0015","B162"
"061abb04-d036-3737-b479-9ddf65958395","0015","B162G"
"53637691-0fbe-30df-99f7-4959b5c7d556","0404","0305"
"dea829d0-8f85-37b8-aa2e-f7d7d3d1e218","0211","1255"
"60b9fd43-20b5-3fd4-9cc1-6354d59a5f24","0545","1139"
"e46694fa-064c-3f85-9909-a395d7cc5a19","0093","2350"
"9b5727ca-1b75-350d-a2c6-32499586c298","0093","2201"
"bd622764-7117-386e-9623-9da9ed47446a","0006","0121"
"661de045-724e-398e-904c-ba5d1a09d17e","0402","0267"
"7e049b4a-4857-3fff-b378-366c14b9830d","0402","0215"
"69561734-6cae-3182-b557-62685d5ae749","0402","0223"
"7550791d-64f1-341f-a3f5-b9037d98054b","0402","0226"
"8e8e31a9-4948-317e-b5f6-05a6bac931af","0402","0577"
"d88f6e44-a4fd-307d-a462-29d2262d13fa","0402","0569"
"9c980f53-66c1-3295-8a02-e8b6c2365168","0402","0371"
"c1de82a2-fdf7-3c7a-8890-a100104de688","0085","0210"
"94706ec9-d5fa-3a98-842d-4150a40cdc6d","0085","0440"
"4db45051-85bf-3beb-a2f2-81abd7175036","0085","3285"
"c6f9c328-df04-33bd-9fdf-0264bf5859e2","0085","2255"
"dc5724de-01aa-31ae-b6f9-c0e3ceb85ec5","0085","3235"
"2633b450-c985-3082-82a0-dde6089c35cb","0006","0226"
"0c608a94-e130-3f70-9e4e-f40f7a3222e3","0481","M1051"
"9008f73a-38c9-3a24-8c00-b19f699f4ee9","0481","M105"
"8ed166d6-2139-34e8-a0ad-cb8e9388241b","0481","M1059"
"cdb4b685-dc30-3490-bf5b-0ff0fb72c747","0545","3161"
"7f7176d6-44a6-31db-b8d5-23510cc537e0","0545","4050"
"503166b1-58ca-39e1-984f-c59bef027b11","0545","4070"
"bd86c952-9def-3bb4-b916-ace89bcd11b8","0080","0B25"
"63cfed27-3a04-3d67-b39f-e10538b2da0e","0506","0B9B"
"733f4c29-8abb-3bdb-b77d-048f6b65b176","0507","0216"
"617b24e6-3da1-39e3-9f01-b57714d73974","0506","0B19"
"91002e7b-2635-3a5b-a183-04673fbf265d","0481","B1092"
"f6c6d1bf-1bb6-356b-9bb6-a5745f52fce8","0082","1408"
"fa9629b6-a392-3cbf-9bea-66e83491682e","0470","0634"
"d2279fcb-27d5-35a0-a34d-54ea660c6c49","0470","0228"
"495a08b7-6867-3dd1-8029-722adc30dc80","0545","2165"
"eb582b0f-1c95-3151-92b6-c29be57e97e4","0545","1145"
"0fde9cf6-64ea-3a0c-9d32-010557407f6f","0545","1171"
"a7686ccd-9856-3897-aaa8-fc6fbc6795c8","0545","1179"
"0a145106-d635-383e-a451-dc6f8315f116","0545","4032"
"5dfc5f42-69d0-3851-929a-25331a6f927d","0481","M1053"
"5a349155-fb1d-3ffb-a645-1b8d13f4054b","0407","1255"
"40f84f10-52cb-33bc-b163-ace20563d1a2","0408","1249"
"24371ee7-9fc0-3db1-bb98-b60064e70135","0407","1245"
"160274aa-4e1f-3550-9cea-3108f460da9b","0404","0105"
"0de0f9e0-70d8-32b0-a95f-69b3e2dfa2e9","0486","0175"
"590af034-293f-3558-a070-48a8e65629e9","0545","2195"
"988992c5-ed3f-331d-bb49-baff9d3f7219","0545","5013"
"886448d6-2afc-391d-931d-ebc7235f3894","0032","0138"
"4d98ba28-2d18-3f76-89f5-6a18c943e284","0407","2109"
"c097e7db-4599-31e5-a5ec-36dea222f90c","0407","4121"
"6883a581-1612-32ad-8ce9-e84cd0d27107","0050","0277"
"de60361e-8d29-38c0-9c9e-6576cc1b224b","0118","0203"
"465226cf-d98e-3a5c-9952-1fdd41c2906c","0565","0205"
"dfb65eb4-9638-33d3-ae55-1cda483b1162","0565","B104"
"2f556f40-5fc0-3c40-abf4-482874e2b0fa","0408","1610"
"a244e5b4-81d3-3b09-9a14-cbbd919419fa","0545","2116"
"61fa03e1-68ce-32ed-af80-6b063b44febf","0545","5145"
"f3f48882-8f82-30eb-b7fe-731cfce50ba2","0545","2111"
"886ccca6-a402-354f-8f9a-f7e03c36718d","0545","2120"
"7758cad0-19e9-3926-9bfb-e02d2b68f02c","0452","0202"
"e57f4aa7-e965-3048-9d5a-72e8b67ce248","0153","0110"
"0feb8e9a-88b8-3d80-a13d-72c0c2fa9939","0140","4349"
"eab4bd62-c1fa-333c-8679-8749a3b114f9","0140","3339"
"a14afdb8-8e4e-3114-b015-f07432966239","0032","B137"
"b1a4586d-8f2e-3fe7-9350-2bb42de2d641","0035","0103"
"5e9d2a64-4e58-380d-b6be-d231db61f0d0","0035","00B1"
"31837044-f493-3f6f-a365-41a4cd94a1c9","0469","5245"
"242cc6de-08ce-3682-9d3c-485f0d6d11a5","0056","0340"
"a8006b92-13e3-3ed1-b3f3-13fd668574ef","0015","0424"
"dfb7f39a-210b-380c-a162-64673d7ee85b","0469","5257"
"f8bea6d2-d9df-3011-9c87-0a99f8b0106c","0469","5243"
"0e0e84a1-fc05-3d6c-9b17-43a12eb72b23","0469","5255"
"d9d64298-f622-35f1-aec9-94c44c9e2887","0481","1080"
"26695b3d-fb95-3dde-8b83-ce82ac9731d2","0006","0106"
"87d377b2-105e-390d-95eb-21772f6f29d0","0085","2211"
"0a982c4a-76d4-3443-86e8-ebd7b6350ecb","0544","L140"
"aec18bbc-ce94-3284-99b4-ece9f7b3a397","1079","1125B"
"2fffb082-76e5-37b9-8fe2-d61a5181f484","0508","0062"
"37920ef0-a34b-3ac7-9c6c-1af89db396a0","0129","0201"
"66e6e7a6-cee2-3d73-8727-51c69389f532","0099","0118"
"b93f07b7-6127-35a9-965c-0dd1e11f0364","0099","0110"
"ef2a5666-59e4-3ad0-93f7-087462692e9e","0545","5157"
"b20e6508-348c-308b-967b-cf6cb7e852df","0006","0232"
"87efa215-e349-3e4c-a940-42abb66071c6","0520","0265"
"319bc0d7-f56b-3588-ae2b-e7acf5e04ed0","0140","2210N"
"928f4d5b-1eb5-307a-a010-ab3ad42d495e","0118","0274"
"6e279c97-d16c-3bbc-9577-474865546674","0545","5055"
"46d194cb-7968-30f8-ba3a-8f21918b16b9","0055","4314"
"1838ae0a-64b3-35a9-a133-e4775f3d1111","0056","0206"
"e9ce73c1-fcf3-39a6-9353-9f0706b421a4","0076","0103"
"f67c2b84-10bf-3c2a-b22b-55ff86d4a61a","0078","0103"
"d9045983-07a8-3e52-8d5e-0e1db243bbdc","0585","1151"
"07019722-4411-3871-9265-ba451530f04e","0018","4207"
"6d8b3050-e947-393f-93c7-9aade4aa9d80","0018","4160"
"3c1e43eb-35f8-3b41-b994-e52a58541c4a","0215","B2556"
"6bd49000-4207-3526-a2d3-a53b7ff12e9b","0215","2532"
"0a39f5e3-f0d8-3ad9-9b05-8bb2fb2f0609","0215","2538"
"a45fe3c5-dc1c-35af-bf25-bb8c72e0d269","0481","1003"
"597eb463-c4f3-38ab-850e-1d693bacb905","0408","1227"
"4f0514c5-381f-3cae-9d17-aeb6a02cd1bf","0035","0105"
"56fc1577-1e29-3dba-a4ef-7baca7ee98e9","0407","1106"
"e3f035e2-57cf-378b-8978-9d0b12a63657","0545","2122"
"403a0d8c-7deb-37dd-9420-66fb567bfb77","0545","2112"
"53de9e02-bb7d-32ad-b471-3584fe9ace6f","0055","3314"
"e5d0782e-7c5f-339a-a6a2-9cf6b418deb3","0055","3310"
"3417a0be-aa0e-309c-a5f4-2a1625b272a4","0470","0125"
"68522298-d4d6-32fe-9ac9-464fe74ff272","0470","0338"
"9b88bcca-6bb6-35f1-aa31-3004da3d6e10","0544","L150"
"3a2b1a5a-786f-301b-8b14-bf879a5d6fa8","0408","3654"
"51df9db8-8b1e-31f4-b581-9d44c6e31e97","0404","0324"
"456edf55-9ac7-3210-b0e2-2c58b071fe63","0453","0220"
"b28a02f0-a9e0-3245-b38d-7344153cff26","0453","0300"
"3c614e3f-bb16-3dac-b09c-4a365d33b61c","0055","4310"
"a316675d-54c1-361f-8321-883ee6b78264","0055","3254"
"8ac14dd9-c7d0-3751-9142-e339750385d4","0408","1438"
"f1fe1f2e-8b33-35ac-8abc-e0db8618abed","0404","0311"
"0c9132d9-362b-3895-a88f-5c9e4144b8a8","0408","1721"
"9dd30959-4f69-3c8f-918f-43a07f4200c2","0470","0106"
"417d6f99-dab1-3039-b4a1-bcce3f944c04","0085","0218"
"8f43cd3f-ec37-3dcb-9e3b-bf303aa3e182","0085","3245"
"7084a4d3-9d42-328b-98c6-179c6dff0b38","0085","3265"
"a4545869-34bd-354f-ada3-ce260aa980aa","0085","0038"
"aeec66f1-ac78-3cbb-aa5f-6f3f8b9a3c59","0085","3260"
"734f0e5c-5170-3581-ba24-a86dfed566ee","0140","2510"
"b031f7e1-062b-365f-9d5b-7edb8b0fbbd3","0140","2210M"
"207d8a70-a0bb-3021-a1b8-8172332f2207","0140","2210R"
"db1e40b3-651b-318d-bba6-abe83374f454","0140","2210S"
"13389b0a-7b6c-3fa7-a294-932505a95da5","0140","1240"
"bdd61ce9-cfb2-3138-8af4-73b426be78bb","0140","1230"
"12c8812a-641b-3cd0-bfe4-56a470df6fec","0031","2171"
"4d3d33c4-b58a-3494-bf58-a2a46fd2f039","0031","2117"
"ba67ec84-ba44-38a7-9637-be4042d80751","0450","1010"
"8c15cb0a-95ed-3bd9-a1ca-9092026ae0b9","0469","6221"
"d2a73187-bbc3-36a3-972b-40ebfa2c5fb8","1480","1325"
"c9a33237-c612-3b05-bed3-fa44867bbbe0","0404","0312"
"a7f29ab7-5aeb-330f-9510-cf42b0bf2a58","0123","0240"
"42d37d08-77b0-3c2c-b5c4-62fae13b6e25","0482","1120"
"fa04b457-28b4-36ff-8ebd-8addfa1d1946","0482","1066"
"d056f429-9015-32e9-8138-dc1c15d2a733","0469","7121"
"cd8886db-031a-3465-b036-6796023e8518","0482","0254"
"f5bdaad3-cde7-31ea-90f5-454be9bd58a6","0085","3139"
"d009c48c-58dd-3a48-87b5-0a68222e3955","0085","3131"
"438e88dd-bdb6-327f-89d3-e71c8d28589a","0085","0310"
"75386318-1ed1-3aed-a9b5-a73ce9dbdc02","0085","3115"
"1626587e-d38d-3855-9256-8987bf3decba","0085","3190B"
"a7b3e102-4fe3-3769-b44f-a27b365b5d92","0085","1135A"
"2bcdda37-8758-32a2-9327-fce6a8a8fa8b","0085","1135B"
"503e289d-ec33-3d67-bf1c-e3d0a7eda329","0482","0294"
"49537858-77c1-3d0b-8190-dec7fe3a709b","0220","1040"
"5cdf3ba3-7ee3-3b5c-a725-0de491293095","0469","7331"
"363fb6fd-26a3-3c03-99e6-9bc7b02559aa","0220","0104"
"9daa8d21-e73f-3776-b0a4-9bd4bc0a8218","0450","5295"
"7844a302-2d06-31d7-89e2-921ee3d17fd5","0451A","0133"
"1be5da7c-ca19-3e93-bbe6-466609f054be","0470","0126"
"c1e4cca9-0a46-3f41-9080-ddd32b840bd0","0482","1051"
"1b149770-e86a-35c4-a4f6-619c087006a2","0482","0720"
"6eb437d7-4b0b-339d-8876-5b0cd1d2e6c4","0482","1251"
"ee82bd53-df51-3e2e-98d9-e57ab13eb073","0085","3255"
"a1f4c3f3-62a1-34ba-887a-b9684d1b5a32","0085","0045"
"4a77bdfe-34c7-313f-ac1c-0b2dab16b79a","0057","B343"
"8f1a9597-2980-36af-aae3-cb447664b915","0031","2204"
"182099b6-81f7-3715-a527-215015fe8d76","0140","3190"
"5376abca-456d-34f9-a4ee-ed605510d9d3","0118","0236"
"63d2d8fd-b043-3ecc-a553-8058ca2fa4b7","0118","0204"
"017d732f-4aae-3828-afb0-309ffccdf82a","0092","0201"
"2315c3e0-227c-3d56-be13-5f0d68db66a2","0018","6176"
"6418ea57-f80a-3a54-83b8-e1d4378ead6f","0032","229C"
"a834f13b-b360-3943-9e52-1cfb0d0d7e0a","0407","1163"
"2389b364-1f59-3304-960d-b87ed53dcfd3","0054","0101"
"b3302f67-5b55-3971-aad5-ae932beaf0be","0153","0215"
"ba1ab4ce-8eac-3e8e-bcff-21d7b5739e88","0153","0267"
"ca21c5b9-27bb-3e6d-90ec-860daae69ee4","0153","0243"
"cc10eb37-4781-3c3b-8fa4-e6ada584043e","0153","0236"
"2b72f3ba-fa8d-3f3d-87ba-c7fb2c8e050c","0153","0538"
"e8fd65dc-1112-3fd6-bb2b-e4ebaec407cc","0153","0301"
"535c0e29-12f1-34d1-a149-41b4bc63dae7","0153","0566"
"45c20211-5afa-3cc4-9b2d-e25b90aaf508","0469","7511"
"e63266cb-b3a4-387f-8a7e-142ca4267db4","0469","4442"
"6ab09248-d1e5-3ff8-be88-4fa1108598cb","0055","4136"
"b00e9275-2afe-3752-a082-7bcfe201ec3e","0055","3136"
"a47c8d9e-a892-36cc-8f09-9c391baaaaf4","0549","0292"
"ed1b39de-fac3-3894-be28-0c4a89de7f95","0549","0263"
"48b8bea4-8019-3480-b33c-8efb1fe08666","0549","0266"
"31d8cfcb-1ec2-3891-92cc-fb0e72cbe449","0549","0236"
"9e3325f3-2c0c-328a-a4ef-f341ab4fb04e","0070","0014"
"88de80f3-ad6b-3a0f-a4c4-0d93c876813e","0215","1570"
"a9a8a08d-78db-36bd-b378-2f15eac3f769","0408","B209"
"11a4cf17-81b4-3842-bcda-aee54712223a","0054","0447"
"c9366c8e-8236-3c63-a146-4da8ac0db0ce","0102","0110"
"4cb69a6a-4b10-3273-8d5b-39752bb24816","0102","0117"
"8c221250-c361-3ad0-9382-c5fbc74a50d9","0402","0327"
"92133a53-4e06-397a-bca9-0259167c03b8","0070","0025F"
"3a324dfb-a643-310f-88ab-8491d63b1042","0549","0270"
"0f71a771-adc9-32a8-9321-868a3449aa80","0549","0260"
"f11208cd-f3b5-3d44-81a5-46dd2fe6d144","0549","0254"
"ae5f88f5-3472-32ba-bba1-2ad2943aa76b","0469","1320"
"0b3178bc-8e97-39d3-afba-01a59a7ac310","0469","4415"
"68b76353-6499-348b-8398-dcc95b259881","0545","4044"
"89dfd754-325e-3f14-9044-4d33e9d73133","0469","2320"
"3810ed4a-2342-30a6-8afb-f1dae2737c08","0469","1629"
"69f3e54f-8204-33e3-bc33-fee2bc7e0da4","0469","1631"
"ca234160-2598-3e5d-b8cd-c39d80facdf8","0469","5430"
"71ce86d8-933d-3c0f-85fd-5efbfa1d8879","0469","5422"
"7bc28bfa-62aa-37ea-9baa-fee8e9121cef","0408","1433"
"4b38f6a2-5078-30e5-8daa-02cd1e9bd4cd","0408","3634"
"3b4bf707-8e95-3a80-8f15-5c5ee9af93ea","0018","4123"
"44890f41-2eab-32c3-a634-3fc34854cd75","0118","0224"
"235b49ca-df60-3e12-b42f-c52b330f28bb","0031","2110"
"d3746b08-5fb6-3440-aa68-32dafbbe14ae","0153","0348"
"a019347c-fb1d-33b4-a2eb-a9c3e2eb4cb0","0153","0229"
"7811c7a2-a6ad-3346-b8ae-46701d4037cb","0153","0556A"
"f3616c59-23d6-3903-b5d1-efd5c7530c80","0153","0438"
"a62f397b-2a2d-3565-8c9e-b383398a187b","0153","0502"
"3b0bec10-b542-3bd4-bb3d-7ac9e1b52c00","0452","0204"
"8bdcf054-4b12-3336-8a59-6a463a8b6f18","0140","2335"
"e060d211-d321-332e-a6c2-fb45be6b45f8","0140","1310"
"a71b149a-255e-3391-8a9a-907b7bb1f7a0","0400","0298"
"4a438b17-9fc1-346d-9fbf-dd384994b8c4","0057","2417"
"0ee336b5-9835-3e6b-9b39-6939456d8168","0028","0110"
"8c5cc8b7-3628-3a2c-a67c-aad83f8ea9b8","0028","0310"
"ad0b0828-00a5-3151-938b-76a5c3b77a7a","0028","0350"
"483dd8b4-d990-361a-b926-dbf0e73e33a9","0025","0110"
"7e27bed2-841b-373c-8f96-7d9d3e164d06","0031","1110B"
"d89d067e-a66e-31be-af47-d64b9eac54b7","0031","1110"
"be27b84d-0586-35e0-90cb-bd5a91d5d983","0031","2160"
"0b3a19fe-fd8a-35f0-9985-1f9ff4c25704","0031","2083"
"a99ce9a2-5447-3a60-9c43-a193ccc1549e","0482","0951"
"a3aa2e4d-f2f7-3f0f-b3d2-ab225e9eeef8","0140","1250"
"dc978e48-c30c-39a0-98eb-71e09e228ceb","0114","0187"
"a6fb1a9a-6ab3-3973-8fb6-6c22f7341ca1","0054","B301"
"dfa2f021-b068-39f7-9a7d-fb6857b83721","0074B","0370"
"321be318-d778-3d5a-8610-606eaf59b85a","0074B","0371"
"a6e16524-f53b-36a6-8f89-04be809fe2f7","0106","0215"
"cf42dcd5-72db-3722-a33b-cb7398dbd46f","1480","1150"
"a5ab73e1-7351-3010-995f-caad8119efd5","0044","2153"
"ca251105-7475-35eb-8c1f-da050241f474","0044","2159"
"916a6852-4e73-3feb-b525-4e9349943a28","0140","4151"
"fff90fde-0a75-33bb-aa23-3f7f004d4ac5","0140","1210B"
"628711c1-dc58-33e5-883f-c466a4f0a6b8","0140","3270"
"aed37518-a1f2-36d0-8125-5b346e42741f","0046","8108"
"94342219-a121-337d-820f-d50637336bd8","0153","0401B"
"f56eb9b3-4c52-3804-8262-ab7a293b88de","0155","1350"
"a0c06422-3bd3-3319-87a4-5ac866af765d","0155","1370"
"6fb61c0c-6ec2-335e-9216-b2266d50609d","0155","1351"
"1ebeb8a5-e0e7-3f26-be9e-9a809bbc4707","0155","1368"
"6df0dfa9-538f-304c-afda-8d0b45458a93","0155","1366"
"88bfbfc4-e4fd-304d-85d2-ec6036ad07e6","0155","1358"
"7c186426-9f55-36ef-838f-b793dae320c9","0114","0153"
"da713af7-11df-312e-bff0-9ea1b8ae80de","0060","2345"
"ebf53001-e954-35b3-bfd2-3a2c5a8b3665","0450","2330"
"cbec854e-1bd0-370c-bb40-3bbff7047fea","0046","5470"
"93cacb0e-eac5-3155-adc3-876d1276df33","0155","1363"
"cb506154-9f68-37d2-bbb6-0b0ffcfe5e10","0155","3283"
"7b0df533-1133-356e-b4d7-0cb0e82663e7","0215","5530"
"24246f46-de1a-3548-96ec-38bdf62046cd","0060","2420"
"8a1c6a7e-c95c-3b8b-9686-aac533ffbfc4","0084","0070"
"94236f9c-ca1e-3bdf-859c-9a69e067cb42","0074A","0145"
"9d9351bf-24cd-392c-a917-e1991fe98a9a","0115","0102"
"99af9d9e-44b4-372f-9cd7-60ac914a2c6b","0153","0302"
"6ad75e84-cbae-39ce-9a84-c0923913a88e","0408","B622"
"a55a9902-c1eb-3216-ad46-623d96f8755f","0408","4670"
"2566aa58-b73c-309a-ae8e-78df47a4eae6","0408","B642"
"a80a8418-7bf1-354e-a4a6-adb66753932c","0034","2002"
"3caf99fe-36d5-3fee-9217-f0ba1f705dbb","0408","3539A"
"2ca88e48-4db0-3c11-ac32-c40324ea539d","0408","1536"
"880a148b-1709-336f-9345-7b18f4559b48","0469","6561"
"291adc5f-ce4a-3460-9526-31d214c946ba","0469","6451"
"95510609-2abe-31fb-833b-0653d1423d13","0469","6521"
"cef565e7-5eee-304e-bd59-e58e4d0ddc1e","1480","1202"
"4f6cfd69-9463-3067-84ea-d0393fc86ed4","1400","G5152"
"bf8af27a-6a31-3fea-ade1-285fdbd54fdc","0408","1313"
"0d443cc5-2d2f-3ed2-8406-da77bd810369","0055","4331"
"adf35d77-8dbf-3c51-8772-4660da2f64f8","0055","4341"
"dbc8f48d-d645-3bec-8d36-bbd042f6a098","0055","4335"
"d81d614e-3388-30af-8089-274aa0468385","0055","4336"
"df3746dd-d403-3772-98b5-7584a269089c","0055","4337"
"2a83c9e5-d393-32db-aef3-10e76b8dc78b","0055","4339"
"053a3500-1cd2-3195-8ea5-d20d167ba6f8","0215","3610"
"6456b58e-3e22-374d-b846-7abecbb10331","0408","1269"
"f26876bc-bd51-32a1-8b73-b817d31259ff","0408","1261"
"5dfd4ac3-20c4-38a6-811d-cdb604ddb502","1480","1345"
"39a5b6ec-8701-3bab-8fab-c7ca39913f1f","0482","0231"
"419b5914-8b04-33b9-a1dd-ab29ae8b56d4","0486","0187"
"0838114d-d8e0-3297-8d0a-7200d6baaa78","0408","B540"
"ef3df15e-a71b-37a5-90e4-737ed5686e3f","0215","5618"
"800b36f9-d4f1-3768-b2c3-14323ba1e73b","0482","1414"
"92ae4ae6-29f6-3822-af0d-dd6bd3f63ce3","0482","0250"
"5e97350d-a74e-39c8-9445-4425a4a0606f","0047","1315"
"d3c974d4-b873-30ce-bc25-58da3dae423e","0047","6415"
"bbc28e7c-ee25-3407-b763-9627e6179432","0047","6419"
"21b70372-064e-3ae5-ac19-66f483743502","0047","6409"
"6cbb28a5-239d-3588-a830-f2a0cdc1f8ed","0408","4722"
"4ae238b2-014e-3d61-af92-617c68b9edd5","0006","0309"
"fe3ba96b-504c-348f-a074-f28b9a2be91e","0486","0050A"
"11c69a0f-7fe8-3e46-9e43-a3baf9cc496f","0408","B620"
"ace30711-a55e-301c-94da-9a5d4a1289ac","0407","1042"
"18f61293-2052-3145-8536-4b89e85d97f6","0486","0245"
"75820f05-c3eb-35e7-b8eb-2fcb29e23dca","0407","2158"
"8eb6fa82-eb38-32cf-82ba-0e0b75ce7ae2","0407","1001"
"4c9002ce-3c71-3542-abab-eed6b5898907","0407","2145"
"6c327a1c-1a9c-35b9-8bf8-91abab69d9ef","0407","3120"
"8570c195-9082-31da-84d3-e5f00b7a4199","0408","3650"
"33db0ed9-3ff5-3e33-8549-4a13e1a0a554","0408","3605"
"667c06f2-6091-3987-a33a-52d9fbcf91e8","0451B","0341"
"73768094-49fe-3dbb-b077-5abcb6f3ef0a","0031","1017"
"72b00598-bbb5-3e45-96af-a5c5765016b1","0481","2005"
"a52d9c93-0c36-301d-9417-08265523229b","0481","2043"
"1ccfa6b5-f7c6-3a90-a885-a28ea5217678","0481","1002"
"a1f68b2f-4d7c-31a5-87b6-b8fecf15a995","0402","0521"
"2dfcc2ea-dafe-3ed8-b585-9cdeb36c809a","0469","6651"
"6ecb340b-3b9b-3674-8337-6c83b1bf3c4e","0451A","0024"
"b66526cd-788f-3759-92d4-12134c08a22a","0031","1081"
"a64bd89b-b1a7-30d3-8763-694ba6497c06","0006","0109"
"737d2248-f7e2-3d89-b59c-26f90b95b708","0114","0147"
"fbecbfd4-b98a-32e2-8042-67cd7a25860c","0055","4128"
"112a2f31-1caf-3a9b-8a60-58e07f7342ab","0055","3119"
"e2dd1f37-b328-3969-a9c1-d9145550fe0b","0154","0852A"
"66dde0f0-c802-3a42-9f25-870dd24e55eb","0469","7101"
"b127dc8f-2d59-33ce-9289-56438e402ad5","1405G","0119"
"9695e1e8-a81e-3dc1-917f-8cd1070359fa","0464","0103"
"75117fca-6f63-32f1-b821-40b6a5ac041a","0407","1235"
"7ad169c8-cecb-3fa7-b123-2d62238452c7","0469","6131"
"1f316243-d7fa-30d7-983b-09a76b696fb7","0408","B103"
"c8193582-dee2-39a4-8a7d-c4b2b15cb172","0408","B103A"
"508a444f-c9a9-3c61-9fed-bed0a85f29dd","0060","2125"
"d8098a06-c69a-33b1-8fb3-728ca71947ba","0060","2145"
"661ad85c-32e5-3e3c-8140-9b2d8e1bb674","0060","2225"
"4052d085-490b-33a8-b24a-9b1565949fd0","0469","6641"
"69536eff-e8c6-3cbc-9821-e304ecf25053","0047","2341"
"c492b2ef-043c-32c3-bb7f-ef5cb171412f","0047","8421"
"789cb324-dee5-3301-a2b9-b1acb3384b99","0047","8449"
"0ec6d271-5b3a-3cd1-ab63-3f522ffa61a3","0047","8431"
"6b0c05b1-c4e9-37c8-aac1-ed4ff431554d","0047","8445"
"d42875b0-c653-3693-8de7-0193acd0cdc7","0047","8455"
"48c220e5-efd7-32f3-88eb-2b05f866034e","0047","8425"
"8fdadde2-32f1-38a7-bba8-5e2da163c9ab","0468","0125"
"27f540d6-c363-36cb-a867-51cdec998b92","1480","1335"
"1b343620-544f-399c-b99f-c2195a0ee112","0450","1375"
"59b9f3d1-80b8-3046-9268-55f2f81f1a7d","0450","1385"
"324a4176-3469-357f-8029-c77d2be4fa6f","0408","2221"
"fa7f7190-cb2b-368c-9e4c-996674474318","0408","2211"
"88d83cb4-f315-35dc-b76e-a0f815a3ece2","0485","0212"
"e0902c6d-5886-3585-b435-02869f2b4927","0520","0221"
"e36ee097-6fe4-36af-98c0-41939a928769","0054","0210"
"f7011432-5307-3bc6-a1c1-14a160165b21","0407","1263"
"cb8075ea-a5ec-381b-8018-6cece80e8bbb","0469","7251"
"0ca9dcd4-00dc-3043-b295-bc68f3e46dbd","0450","3265"
"9f89162a-85ed-3775-a59f-8fb56b8c8521","0450","2395"
"bebbc4c1-53e2-3a63-83cc-d00a401d7af6","0451A","0116"
"907a3050-a578-30a8-b508-4cae9d58e113","0450","5275"
"5aa849e3-7cf3-3d63-bf87-b1268964d625","0469","6621"
"a1ee6dcd-ac13-35a9-a0e7-a186c60678d3","0400","0159"
"f7e110c0-30e7-3ce3-94db-3ab792dd88a7","0053","0260"
"a53739c1-fcd9-3b1a-abc4-55dd0dc54a27","0451A","0408"
"eee89313-9712-30f7-ac30-abb6e6157883","0047","B341"
"ed99bb9c-a241-3c47-813a-7668463d0793","0047","5419"
"00826024-f0bb-3728-8c9c-a714435c1658","0153","0544D"
"59d106ea-460a-3ff1-92ac-cebda5574006","0153","0402"
"904852f2-9f88-3391-ba6a-710d5a6bdc19","0047","B325"
"da1eafb7-a302-30aa-ba79-6544099fe33a","0047","5409"
"d13f0709-4be5-3326-87f1-56ad260cdd9a","0047","6421"
"6b2037d4-d70a-3be6-81b4-d880834bb008","0047","6445"
"d9401d20-930d-3bb6-82a5-ca6af4cae691","0047","5445"
"22623f22-0a46-3866-849e-06dbeea61dc7","0047","5449"
"8a0c4768-b430-3444-9b7b-d07842af1009","0047","5421"
"35d57929-3b71-3e3e-ad93-940eadcc7c22","0047","6431"
"6d81e507-207f-3849-8e81-6c9cfeffa81b","0047","5431"
"3d0612f6-212c-3205-9404-f1eed65b6122","0047","6449"
"8dcc128d-f687-3a76-96a6-1d234209238d","0220","0165"
"6f45bd10-a610-37c4-8413-e0f1d3fcf4b3","0153","0356"
"b4c7627d-68e3-3505-899f-db3bf6ced61c","0085","0108"
"650b6a8e-7b10-3ac2-9b1c-30ac64354edb","0015","0984"
"24aa23ac-cd06-399b-8d55-61121d90761c","0469","5233"
"05406130-daee-3edc-afeb-bdaa6146afaa","0018","6162"
"20e58a56-06a6-3f46-825a-32157c149b5c","0549","0256"
"58541b26-ba7f-33ba-9cd7-72710e2bdc14","0549","0274"
"fdb79824-4d99-3810-a1d9-9e95d55a4ac4","0220","1165"
"97fa244d-20f7-3d1d-97aa-2969a5882ed5","0220","1065"
"35c94dbf-507d-37ef-8fc6-a6dbd14728e7","0450","0281"
"794e82c7-1d93-30ce-a0da-eb2de8e5ac95","0545","2060"
"577b96a9-af15-350f-b871-9f1bfe5327d5","0545","2050"
"2cfebac3-e480-3f6e-819e-04a7fe2bba40","0053","0380"
"5b1f14d5-2e36-347b-b29f-882a763d1b2b","0450","2375"
"571c9f5b-9fdd-3be3-95bf-521104034728","0114","A121"
"530643a5-bf13-36e8-bc6e-9cb14e528141","0114","0594"
"c87259fd-7ab4-3da8-9f32-22c04d7c3886","0114","0243"
"cf747a54-1120-352b-b624-d3071e301c5e","0521","0270"
"bf82e9d9-58b1-3e0c-a909-23d106175c9f","0046","3218"
"f74ccad4-5178-3d27-a21d-2519ab854a52","0046","2470"
"06c97e2c-1489-3300-a496-b7a9b9d5653d","0520","0201"
"0a1b66b6-54e1-3116-acec-ae8f23b96783","0520","0211"
"b3b2ad2b-6078-3c0f-bb88-bc289cebadf3","0083","0118"
"aed8e770-b3f6-33f4-b737-5392bb1af168","0469","1635"
"cb9fec1d-a456-33a1-9ac1-b6f5c17764cc","0046","2435"
"36f3c32e-0b39-3775-b643-13858e7a0f49","0099","0119"
"4c25a1c4-8c3f-3556-bbd1-687bd56a68d3","0140","4500"
"8285ce80-a7cb-346e-8188-0c8e939a8818","0140","4161"
"79afa02d-ba3d-3628-bc63-01ff87b37248","0464","0B30"
"59d6dfdb-29c1-33c1-9182-a5811c251373","0482","1220"
"4a64d5fb-6cfc-382b-abe5-3cec45505937","0215","B2550"
"babd8cf9-c0dc-3e63-af23-56b8afb701cc","0407","2153"
"90117033-6b01-343e-902b-8418b839d386","0118","1142"
"27d2a2f9-9d74-35d5-9f2a-7d1368cd369a","0408","B245"
"0bb26832-32c0-3064-b174-878f0a558e6e","0545","2106A"
"dcfbacfc-4199-3cda-a7bf-24400da83fbd","0407","2148"
"b97bc001-25a9-3554-a03e-15bc3733f52e","0114","A120"
"494c993c-30fb-342f-b594-fbe5d0c3671a","0153","0468"
"1be08793-4f11-3ebc-9dca-f603463632d0","0464","00B4"
"a1f6c75e-b460-3059-8ecb-e3fc6484691d","0137","B108"
"3b55a63c-4cde-3fae-88bd-6e26fb1eca07","0092D","0201"
"c7ecb40a-b0c0-3e9a-b924-bce881f91806","0106","A120"
"08b7d245-d37d-3d8e-bd9c-ed87fe736940","0106","00A9"
"df392ba4-8f92-3875-9f51-2762019495b6","0106","B141"
"46b1c7ee-27e1-31e3-b8ea-5468e3917b7b","0082","1360"
"b3a0cd26-c555-3999-a89c-f7d2fa70e9c0","0087A","0473"
"6f892305-b3d4-304b-8d28-0348148fe93e","0479","0272"
"2066f029-c5fe-37a4-a00b-10d056edbf0f","0114","A232"
"b6efa966-9f69-331b-a994-7f548c9d1382","0114","0216"
"cd88d463-1fca-394f-867e-33e2b12438a4","0449","0458"
"659d2e22-f741-30c2-903c-74d9529cb68a","0212","4280"
"a47d4870-f53d-3af9-9887-bc70abd16154","0074B","0253"
"1a20578e-4044-32fe-8c9e-f64e19a11d0e","0074A","0444"
"294306a6-c620-375e-ad0e-cc1f07a2c1e2","0485","0208"
"2b1a2c11-5871-3987-8ebb-0f4ad56c8e67","0070","0025J"
"56399a15-d980-3e25-b575-7c4ad0810541","0469","6265"
"9a5df609-1657-3e7d-8719-ae08d578b424","0450","1490"
"c707d7b2-c60d-37bb-8d41-7a1909aaa7d3","0464","0113"
"20833366-161b-30c4-882b-dda688a4598e","0110","0020"
"67254721-4e61-3d70-9522-e5b4c08f4ae6","0123","0350"
"7389981e-f04a-3376-a8d0-c57b893a3940","0110","0019"
"3358f4fc-b088-3bd6-be95-2be7b2c5d687","0149","1115"
"e27d9c04-4cfe-3eb8-9cba-f6d468f3227b","0149","1111"
"dab16be5-d27f-3db3-8087-21a46fd694f3","0115","0108"
"9f32e3df-7df6-3aad-a721-9734a357e2e5","0408","3542"
"6c92b36a-b331-3396-92b6-af0fc9be995c","0469","6271"
"9b33f400-2769-3493-81c9-e8265a84bf62","0408","1542"
"dd504a9d-1640-3c65-90ca-0557c44917d6","0545","6181"
"de1408fb-bc19-3efd-9cdf-e8f45a684bf9","0545","2131"
"164d17c2-60e3-3ce2-9208-23770708a3ba","0545","6003"
"3d018460-aed8-3fa6-8224-519235e47b0a","0402","0341"
"77d17605-4923-3119-b06b-8a285c6e8016","0470","0519"
"bfb2b7e8-1bc7-37bf-b2fe-97afa9a384fd","0006","0209"
"47507499-579e-30b1-8579-fbc13604b4b3","0054","B249"
"56da261f-9f08-3cfa-996c-f3be59615068","0402","0163"
"4c71b468-3260-30c2-95f1-8579f500cecb","0402","0355"
"5a4715fb-d772-3f88-b43c-f01de875c73a","0211","2280"
"19f7b8f3-91d5-3829-a98e-ea766093277a","0054","0345"
"b1b56523-ef69-3a50-b595-814a8712d733","0402","0443"
"d055ee46-8066-3abb-adca-5e65c7235c95","0401","0226"
"e8bb5057-5b3a-35d9-9398-87989e7f81b5","0453","0427"
"1717913d-5aa7-34d2-b43d-f57a4c99f678","0453","0101"
"7baad05b-d6bd-320f-80e9-4d52ff5fb91d","0453","0315B"
"4c85000f-4192-35fd-816e-e5fa2a502831","0453","0229"
"048fe481-d356-35e0-bd52-108d33a7a388","0453","0202"
"1f45d961-f63e-3f5a-9e69-b221e0eb2573","0450","3130"
"c9d83336-795b-30d7-b788-b05e3fb6a31e","0052","0422"
"ab787928-dbf0-30c4-8985-add4ad3e45fb","0430","3253"
"8a97def3-1347-38fd-b188-6d5adc2aacba","0481","1036"
"36ed5836-efbb-3616-ba4b-53f3b1298688","0430","3226"
"83dd3ed5-885f-31c5-8eb3-8dfc04a8a5d2","0054","0243"
"f960756e-bc40-3217-ba55-e42cfc4d82c6","0054","0245"
"03fe05de-e734-39da-857b-3f5416e5bc68","0408","3239"
"d0864800-f025-3400-a65e-48f177485f2b","0034","1105"
"965b50bd-f4a2-386c-ab5d-f4d3747c1b8e","0034","2336"
"18dad87c-f6bc-3720-80b1-e9d05d3d0eee","0034","2121"
"df5ad0bc-7ff7-3e34-9586-58a110811a27","0034","2202"
"f76dc966-e5b3-3143-8292-3550ee92d77a","0034","1116"
"05f27e69-6aa0-3fb2-b059-856a334b07f0","0034","2341"
"5454fed0-9ba5-317c-9023-4729cc0ef886","0034","2339"
"8c6c531a-c3a0-3bd4-b049-ff8948d8c3b4","0044","2328"
"78065868-e368-3664-88e8-769d310ca417","0034","2313"
"984187df-3a59-380f-8fea-a874737eded3","0449","0227"
"c5c014e5-b42e-3780-8271-c28f3b8365a0","0215","1524"
"0320d10d-9380-35d6-821b-f48e9f841c37","0034","2233"
"5f22ba17-39bf-3eba-b188-c501f05aa376","0034","1114"
"ec8b7d09-32c3-3d05-b3be-673f1a0f7328","0034","2215"
"be0e56e2-defa-352e-93dc-601fa1ef5693","0407","1101"
"98d2a290-0a29-31f5-ac77-ea04360f5b27","0407","B1140"
"3a451214-f610-37ce-ab85-404fc82e600f","0407","B1215"
"f6f08b57-3a7c-397b-b165-997adb68b117","0407","B1164"
"4e061920-af5d-38e2-8c46-58152507dead","0407","0118"
"2ab75eee-a7be-36cd-8959-acb38dc6e05d","0085","4191"
"8a2e8668-5743-305c-867e-14fc069d6d3f","0521","0402"
"ea372ff2-95a2-3b5b-86f3-ab32233b98a4","0402","0321"
"15d0132d-e01c-3aaf-afdc-0ce0e3ce7495","0085","0090"
"7d2b40bb-1915-3957-91c8-f8d3f2ebcde9","0220","1009"
"fed52f49-be39-3aa3-8071-c4f491467c9f","0469","7551"
"b4e05a35-d83d-3f77-8efc-38c702a4326d","0220","1057"
"087c1d1a-3833-341f-98e2-92e92e816a01","0084","B1144"
"6a78c487-c474-347b-aa81-a259c96f3a81","0220","1000T"
"3b348276-81ad-34ed-a6d6-5e29738a0e94","0018","2257"
"81df7dbd-d20c-394b-aec2-66d0c81bfc71","0520","0245"
"efcef553-b52a-3435-a325-be435353c270","0018","4246"
"85892a92-e25b-32b3-8867-00863bdb5e65","1480","2121"
"dd54dc76-e635-3bf0-b59f-dc0b44f8f4a0","0118","0150"
"a0e48e39-f57d-3724-a164-29d4940cf4e9","1480","1244"
"57529ee6-28e5-3be1-8a81-3c3da159d0ef","0085","0270"
"413eeb72-c18f-325e-9623-289c6b047314","0220","0164"
"cd8d6ff8-5bdd-35b8-bcab-f166aacc0369","0054","0110"
"72099c6a-6514-388b-8857-495aacd1d5e2","1405G","0113"
"3644955f-a476-3966-b921-2c8f9d033396","1485","1022"
"32fc6532-050f-3311-b903-f505d703f958","0450","B735"
"476cbe01-5d3d-36e4-a7a4-c841a599899f","0400","0427"
"c06f7965-ede8-30e7-87d9-f783f4f5d228","0545","2050A"
"db09fe20-1932-329f-a39f-9b952470d601","0408","1102C"
"f6a4c14e-6c1c-38db-8966-031c10958892","0476","0245"
"36a66039-5587-3fbf-8c73-96f0b03854cc","0088","260C"
"16a968d2-160c-3f52-9afd-7e48ecf169f8","1400G","5-152"
"44a82bf4-a5e1-3a63-875c-20d6884fd250","1406K","0120"
"cc1e9598-130d-3d95-9624-bb5ca4704f2b","1404K","0418"
"f2ce1138-b7b4-3d02-b9df-c742fd505223","0099","0130"
"db47ce28-065d-3d11-856d-8bf711a22ce0","0545","2130"
"67c2cade-e01f-32aa-9ed1-be5c18615b89","0046","7130"
"f48e9d14-14c2-3924-9e4b-2c61759aad30","0220","0170"
"85930cd6-20ec-3cc2-b781-7a6f20270222","0220","0173"
"ab34be7a-092f-341a-91a2-9c49e880495f","0402","0559"
"fc86011d-2ca8-3982-a746-06bdc74f8480","0046","5105"
"ee93e7a1-9f0f-3464-8e8c-0dc163490999","1406F","0133B"
"b96a7b20-380d-3215-9704-d12362e8fd9b","1405E","0682"
"def7f214-8f73-3cd0-93b5-615e74074216","1405G","0152"
"eca5cf0a-e861-3ad8-bd46-1e7e3ccfe732","1405E","0492"
"70d63ff9-4206-36f3-a9a4-479a1ea3561c","1480","1225"
"37f5f2c1-51bd-329b-b207-959affa3669b","1400E","5-682"
"121939a2-322f-3801-9b3f-1fd8ab07cc4f","0082","1111"
"5ad03bd3-e53d-3f11-9ad6-4eb8a2df3138","0006","0213"
"08cf9dcb-fd00-33a1-8641-75b082b6c2e8","0469","5520"
"e7bf6709-b741-3067-908c-0b568d1a1780","0469","4410"
"f2cdf84a-0742-303c-ab4b-582dd5b92ff8","0469","5439"
"3511500c-d4bb-3a52-ae45-d7b5431754f8","0469","1560"
"958a6628-e106-38c9-b85f-d546f1ddefba","0469","1324"
"c5c8211f-189c-3edd-8b7b-e8fc0657631c","0093","2318"
"95ce79bf-766f-34dd-a1f7-2a5e6a3c4fdc","0093","2360"
"b5ac0337-f73d-3066-83b8-914116fc0732","0403","0102"
"20202890-bffd-3719-8ddc-dd80a088c4fb","0085","0285"
"47adb838-e281-3f14-b638-0344de735e55","0098","0101"
"1c5f616f-76dd-36f4-8e8f-7f2926b27c88","0085","4198"
"8677f9d0-e0f7-3d54-b9e4-fe32c43d7a8c","0085","2194A"
"6f97b7e3-0301-3884-9ad3-07629e3156b4","0085","1199"
"1e2caecf-4779-3523-8bb4-bc1cf14b2bb8","0085","4178"
"1a0d8ede-8d1a-3942-b397-35ddd46418ce","0085","0220"
"08ffbe5f-1345-3b5e-b71b-9a02862aee86","0093","2220"
"30ac0b98-2423-3943-ba39-f28841bbbdb6","0154","1252"
"dc9b8457-08e9-39e8-a2d3-ee221e7cec3a","0400","0290"
"b7c260c9-e6ec-3632-807c-1722867cae52","0154","1158"
"294b4f12-eecc-3616-afa1-2a6c8304671b","1480","1309"
"72fc3e5d-005b-313f-8351-fc2f448a9e15","0154","0852B"
"c83cf39f-60fa-36ea-8f0e-ad258cc44861","0450","3179"
"01dbb957-9196-394b-8a75-92a5daf3e4ea","0044","2312"
"3e6d8162-ba34-38c0-be42-38c37077fedb","1400","G5119"
"1a7b30f7-bc81-38fb-9fb9-996e56288bfb","1400","G5114"
"fa00d289-820d-393c-a74c-3473a8a6a188","1400","G5113"
"eaec9d10-cf68-3946-82d2-dd5835f15485","1405G","0114"
"3a06203a-20a3-3c10-9781-284ed4203645","1480","1248"
"6dee8259-aafe-374e-8809-8fe511c407ed","1405G","0142"
"99d15242-bfe0-3d49-8e83-12f3ea928b1c","0034","2006"
"3ceedab7-8cc2-3ec1-bb7c-a4e5717402dd","0469","7131"
"bf0926d2-6d52-37a4-8105-bc97744b6f37","0450","4150"
"81852632-7416-3ddc-a795-04a28f79c209","0450","5150"
"d24e1420-50d4-39f7-b489-a81196509080","0450","5235"
"357cc357-d1b9-3729-adfe-d5ffd3d2a615","0060","2245"
"21efeabf-5278-3ec5-b298-dc54bb89f259","0084","0080"
"ecdb143c-fd4d-3a8b-84d1-cb0370fc823e","0762","0106"
"e3d90365-1328-3074-8f3a-0cbb226512b4","0515B","0128"
"0fcaaae7-9581-31f0-889a-5347b7a8203f","1485","1190"
"63a1d391-fa2b-3018-ae14-878ac4254689","0106","B120"
"0e0f5cd2-219d-3042-b0f1-9704c6c2db77","0106","0012"
"87e2de13-2b57-3dbf-ab90-b2cc7717df62","0762","1004"
"5277a8b4-9280-33b9-b84e-5b4f632dd4ad","0482","0259"
"25231eab-7992-3efe-8276-352a81402dd6","0450","6205"
"7ddab1b1-789a-3cf0-a8e0-21828ea47928","0154","0331"
"85bf1966-1ac3-3347-96ad-4b60d136804d","0545","3160D"
"5433a8b9-9a85-3386-b92d-5ae5ca44b3e2","1405G","0134"
"6c384d08-db91-35ae-88eb-cfabd9506d5f","1400","K6120"
"7d2c1e46-c510-3dec-8001-ec022b071152","1400","G5134"
"8a28aaad-59bc-38c0-8694-8891426e7fad","1480","1229"
"ae9040a6-24ee-3d68-a148-ac576296a8dc","1480","2158"
"aeed46cb-d272-39cf-8030-ded2738d9d37","0039","0758"
"1ff524f7-cd40-3999-88ef-082cc84c7285","0034","2312"
"da72be1e-4f9d-3bbe-bb32-d2f80ea39491","1480","1268"
"d1ce0c51-5b0d-3e8c-a9fd-f0cec3a85d83","1480","1134"
"a3a37198-b646-3d07-b8b4-ec38e11c4984","0082","1340"
"5e1d9290-f168-3b3a-8cd8-c39d003999e3","1400","E5492"
"01456f52-5225-3bef-a55e-8b85ccbf8248","0034","2330"
"66ab7c5d-8628-3668-80bd-e94f478fa5bc","0408","3628"
"9b9e5c18-e965-3d4b-8a84-ca5e05472f38","0408","B555"
"4a88b50f-2706-3182-a44d-0080530615ae","0220","1036"
"347a817d-3eac-3871-8b21-c47920266610","0034","2305"
"e6848b1e-c9a2-3a92-9ac8-7de6d61bf878","0047","B200"
"65af8d97-dec6-37d6-80dd-92f7b5afeda4","0220","0176B"
"7f53e329-98b0-3aff-9877-aa185c3ec91d","0215","2522"
"de2288d9-858c-3271-80d9-cfcbb1f38dbe","0093","2255"
"a8a575e4-31b7-322e-a5bf-9f0352d62e15","1480","1269"
"bde96170-c162-39dd-b13e-fd8984349e46","1480","1260"
"8853efbc-8819-3c52-b54a-049c4335b66c","1480","1210"
"a43af877-f8dc-33fb-a98a-de66b813cdb2","0044","2320"
"2ef9b8ef-bc76-3363-bd37-d9a29b72d3dd","1480","1267"
"17be74eb-6f2b-3aea-8700-0aade05d95cf","1480","2207"
"b0902436-bcbc-350b-a387-df337cd23871","0154","0253"
"064afa36-6b91-3ec5-8453-f6dd24ea1925","0204","1211"
"cbee85f5-006c-33e7-8cbc-79ef16bf1595","1405G","0170"
"0cfd001e-9da9-3c42-bfbf-a9d7b3ca9681","0481","B1090"
"7688dc35-f5f1-34ec-8512-412625d5b492","0481","B1085"
"f10a1b46-7f93-3034-9274-72b9e52de0cb","0430","3250"
"13e9c142-cd3e-343c-9645-1e13b498ce19","0430","3247"
"f8986fb8-8a89-3ed1-8383-a3b3859427e5","0430","5223"
"79ca8a4c-1d53-3c29-892c-b8975d06a71c","0430","2225"
"ff152f34-8470-37d3-932f-e08a18f4a804","0430","5246"
"9f9c42ca-28a1-3a64-b43f-4b45d1535305","0430","3268"
"51b90c1e-22de-328e-8746-887b717e2c82","0430","3261"
"ef64b145-3dad-35ab-910d-66aa670e1924","0430","5229"
"34972b9e-4416-3130-b0b8-857c0c8e16cb","0430","2211"
"253e3333-8c62-3d6d-b34a-5d76e8e45e00","0430","5240"
"e05ade92-74ce-37fb-b115-fa3a4aaf85cd","0430","2260"
"f196c408-721a-388a-8d26-76b2a9c410ea","0084","0154"
"c012dc35-6aff-3f56-85a7-36826425b73a","0403","0151"
"c9ec054f-0658-3f11-8cbd-5d9a0d94b9e3","0084","B1118"
"0e7fe765-8d2d-3c11-9731-ce334667001d","0452","0332"
"7ebfaf7f-306f-39be-9551-d878257dc327","0482","1418"
"3831e376-c588-3d83-bbce-96798d302603","0047","2330"
"c1951b83-bf5a-3ea3-bace-1dbd8f004661","0485","0109"
"26953f87-e43b-33b7-9189-9315bf029e0d","0450","2490"
"992793ac-1b95-3248-ad86-caf2455a0fc9","0011","1050"
"210b9438-1ba9-3d83-93d6-bb1a8453479a","1485","5571"
"c855018a-e74f-3dc2-88e1-e4af0806dd97","1400K","6-120"
"71888043-a74f-3b6a-a76b-e9103f306914","0093","2007"
"dbc64539-26e9-39ea-b831-afb0bc2da7f8","0093","2346"
"1102870e-2e4f-3f36-958a-904da755901e","0093","2323"
"3b82631a-a4f7-3df5-81e3-e0eece78c424","0469","6631"
"8e270974-40cd-33d7-8572-5df476091736","0093","2010"
"14ee6d51-fa4a-30a6-a42a-d4cc1e49ccfc","0093","1076"
"f985160f-1bb2-312d-ad26-1088afbb4df5","0215","4616"
"c2d33e5a-8330-3ff2-aacf-0a2d48daa999","0093","1154"
"f92357cb-aa5d-3bb9-a7e6-b237e70ff8ba","0093","1142"
"212770bb-025f-3258-9d62-7abdb1ba59e4","0093","1137"
"af580521-c314-376e-b942-6c11748a5fd9","1400E","5-492"
"ef1a98aa-e669-38af-bbeb-b1df24690d01","1400G","5-119"
"7b639f90-8968-3252-ae9a-036a52ec38ac","1405G","0122"
"1c5ac20f-98e5-3c34-b6dc-3e9c2c38aab5","1480","1188"
"1c498c71-8392-3034-b380-232343a37e5c","0039","0726"
"b9fc8e5a-c8af-3f07-8e51-feec18c3f7d1","0084","2118"
"7f50eb8a-ae6e-3ea7-8a30-b27546925ac5","0084","0002"
"c80f74a2-a623-3fad-b17f-bfd33f18ea0d","0084","0001"
"2f0b5a47-8573-35cc-95da-dfab43f0494d","0084","2112"
"1de2e3a7-4006-3de2-83d7-b67d13182f6d","0205","0246"
"d9c2fe08-ab86-333b-9029-1f30a6f3152c","0205","0448"
"fdf4dc3a-d8d8-3308-bea7-277db11b8c10","1480","3330"
"d3ad0feb-dc15-369c-877e-83788c877166","0450","5215"
"79bb311b-957d-3e81-a7e6-3bcd3cadabde","0093","2041"
"e4a33c50-be82-3fea-97c9-6ce99ce1ed2f","0034","2320"
"cdd98935-4e9d-3ed7-8fc4-e252295dc1aa","0093","1153"
"77a42f20-3b59-3831-87ef-0edd076c00ad","0450","3225"
"1155d037-ef95-3cee-a854-671b579d4001","0156","0351"
"16e369d6-d7a2-3bd9-a86b-0b5abef76276","0782","0219B"
"cdd99d68-0b82-3b79-a513-94c438366652","0451A","0516"
"c2a2cdd5-320c-3d04-93b4-73b741f9756e","0468","1109"
"12b311d7-745b-3c8b-a81c-ddfcd8fd7ce2","0468","1117"
"cd821f77-6a56-3b28-8ef0-14bd4609734d","0468","1006"
"9a0ad19c-fbcf-3b6e-ab41-f19eb672626e","1485","6571"
"1adaa7c1-0c25-3f67-9e7e-306bdb2477b8","1485","6471"
"2fa3bf1b-d97c-3849-b70a-e199d9c8efa0","0093","2305"
"46148cb8-7b3c-3b68-977b-53776fc666b4","0093","2259"
"ed9a140d-321d-360d-8f99-cd6aad99aaaf","0093","2166"
"03593d54-c16c-3396-b8d0-14ca7aa35ea5","0154","0794"
"25071e73-3614-3792-8d71-c1ce70193735","0154","0259"
"490c2833-f2de-34bc-81fc-e2f7bd492ab7","0153","0220"
"0110391f-16f4-31b8-bd8c-260f1c5fb70c","1480","2246"
"5098e7b8-0098-3b43-9a33-f1cfbf9fa06b","1480","2226"
"d98534cb-ea72-3ddb-aef6-e7e40097b5cf","0450","1210"
"5e6ed823-cd3a-3854-861e-b868d52d7af5","0106","0205"
"5880edb7-7a14-3003-974a-106f1ab0ecbc","0204","1220B"
"b9550e57-7be0-3cc1-afd3-8300249591cf","0408","3609"
"48017da1-70c9-3d59-b75e-6b848a78a072","0140","3180"
"2dc39c8e-5e03-3393-be59-7b9d83e8b648","0154","1161"
"6d6e4534-28cd-3155-8940-c36fc5496707","1485","7001B"
"8113a977-09a7-323d-96f6-12a044fbd584","0087A","0462"
"d2d31fbc-d3aa-36a9-b313-6d81411dbfa7","0154","1075G"
"1dcbd6d7-5711-3463-a5af-a2387ade25c0","0430","7200"
"dba3be36-1dc7-35a2-8f6b-ea594b541244","0450","1406"
"5569dfe2-e1ed-3dec-a440-45e58da6cf60","0046","8411"
"d1be4203-c350-3f2b-8abf-3e07e206e980","0450","1360"
"e701e7f3-a849-3b96-ad35-5c1f2ea5083b","0430","3374"
"f20e241e-91e8-3112-b0b4-b338a76279a4","0430","2386"
"634c6e98-9ee2-3fcf-8e91-d20fe56ef0e6","0430","3380A"
"3d32854b-d34f-3002-8744-2c26e6c13728","0430","2266"
"bd89d16a-7d10-3dd5-99da-0f933ee81b9c","0044","2327"
"91f4b7e3-690c-3706-adb6-1ff62278cbcf","0044","2324"
"43e53550-74fe-32da-beaf-89b7de673df4","0044","2306"
"2352f7e8-b642-3117-8a25-61aa3999647b","0044","2256"
"464b2187-ad9a-31de-9513-0cb3ce9517ae","0044","2258"
"de9ca1f4-7da7-37cd-9554-3a93e069e90e","1480","2209"
"1c81f6ea-25d9-3260-96d3-f6bd2e88cd2d","0084","6630"
"c693fa47-f289-356e-835b-c0a001ed2b82","0033","0903"
"c635ce18-7809-34a1-8914-03e8974f8aa2","0521","0464"
"ae1685ba-e0fe-367e-9fad-4fe452ccf041","0215","B2590"
"c6dd96a4-7a8a-3edf-8244-5752a4cce9f1","0140","5120"
"804310b6-883d-3158-9770-f31b33e82d3b","0140","4125"
"848ca14e-ec61-3ab1-89f1-d77a22111aa6","0140","2169"
"addb1ebb-df9b-3208-83a2-a23d53963486","0018","2191G"
"dbaf840a-a1bd-3593-b223-44d105df86f9","0400","0239"
"502ee5c3-93cd-37e9-b7c1-4196377eb2be","1480","3110C"
"17cb4d79-87c1-31ac-b977-34869fc62827","0084","1111"
"1bba3b80-0ab2-3242-a6bc-c92fc8598317","0482","1411"
"379eddfd-07dd-3236-81db-b78a612d962e","1480","1203"
"6a96bea3-1f4b-3b0d-b7a4-a4ced8363225","0430","5215"
"ce6bd0ba-14cb-3ef2-8f00-50ab6e8b5954","0408","3231"
"4b517e22-ca68-3189-a688-8dfdd8df2cb8","1400","K6383"
"f5d500a9-75ca-3fb9-b59c-2423c28134b1","0512","0110"
"9cb5ae26-9bfd-33a4-a867-7b43fe3bbb5f","0044","2149"
"3bba498c-5a76-30a7-97a7-7aec6330a63e","0508","0412"
"487137e1-dbc0-3f89-8993-b20f20c50342","0515A","0212"
"1c4b7213-1560-34e8-836a-ffa547aff876","0155","4310"
"f29bb49a-b02d-36d8-ab4a-94f5fb12ab32","0508","0005"
"4f0070a7-e306-3e06-9d33-0ba33bd33360","0508","0004"
"72595eb2-87c4-39bc-a9aa-515a96718256","0508","0101"
"c0c2ebde-b63b-3aed-87c0-74695c04788c","0508","0401"
"f35ff719-fb5b-3775-845b-c01d1a515ef4","0508","0035"
"dfb6fb38-980e-3aaa-88e2-fac6a9d3e08a","0430","6352"
"57fdd8ea-9239-341f-82ce-b6ef67ba244f","0430","4315"
"3c4aa5aa-6e08-3fcc-b158-80c2a0340029","0544","0160A"
"adefa2de-a521-37be-a8af-199689c40b0b","0544","0110"
"608c9548-5f5c-3401-aa7f-289e330cb9ad","0508","0032"
"7c2b49f2-2e5d-3978-be6c-7085eb85bfc8","0508","0403"
"3d1b577a-929b-3743-a00f-486da14ad507","0048","0901"
"30d6dbf4-d9b3-38ab-bb34-1e651354f4aa","0140","3111"
"ba1da7c0-4985-33ae-bee6-5559fb002060","0084","3307"
"e77d06e6-9b48-328a-8667-83dcccd78a75","0204","3407"
"7fe18334-96a2-39e0-9370-823f498dc941","0084","3311"
"5d133a5d-bf35-3e65-8f09-e6c2e0f1b858","0060","2530"
"75b5b888-5511-37de-8084-7b376e2a58cd","0118","0432"
"cd9f8f1a-95d0-3c09-a67b-894686912972","0094","0135"
"9d193d1a-1f1d-32a1-86d0-91866b8ea5f6","1480","3260"
"c9879224-532b-3375-9812-b6861f0bc927","0118","0654"
"17cf4e21-65c4-3e8f-bf1a-5cbb9c712b95","0080","0212"
"c2781686-ca05-3abd-bbd1-661fc4921b8e","0521","0356"
"1c2f23ac-2786-36fe-b1ca-74147e27404f","0521","0235"
"bc4e0b9b-9299-33ec-adf1-345548b5ee83","0483","0210"
"b0df601a-fc1c-3d13-84d0-447e9382f208","0545","5057"
"4d3706e0-716e-358d-a97b-4c63c81c5e0c","0057","3306"
"6b379435-6d97-369c-91b8-35b2a919bc51","0400","0317"
"111e802b-bb70-3ab7-a265-a3c65ddb8765","0479","0234"
"a3177f13-a666-3fea-99bc-3fc2ea186b40","0080","0217"
"ffb45fb7-f79c-3ab6-b590-257a4024a99b","0155","2310"
"0c41cd39-c9a3-374b-ae04-7ae18c27b929","0046","7324"
"c004c8b4-7bda-364c-8e37-e9e0ff855e81","0060","6201"
"0e72a3f0-3af5-3861-a85a-3f7bffa54385","1480","2216"
"cd4a2193-165c-3e34-bcc9-911a9ba815d5","1480","2236"
"c43a6bb5-da16-3a65-a4bd-bd3192f5e031","0545","6115"
"2863e114-8b7f-3cff-8c35-b7f0bc952179","0205","0348"
"bb9f0b1b-7e24-3dcd-a0e7-35d1402b6371","0204","1220A"
"e9d0cf95-3ed5-30c1-8184-3e59763661a5","0215","7560"
"2b67bc38-0d4f-39e1-ba44-62ce6a5aa1ef","0430","6113"
"292a7302-54c9-3eee-8305-7f4ffec11d97","0400","0291"
"f4934a7e-b857-37d4-9886-f3be91de5a12","0094","0101"
"8c71334a-c8f8-366a-b6c2-f32a12437be2","0055","4274A"
"704656ed-7d71-3a36-94b6-5a2b9e7bb709","1405G","0320"
"c9f898d0-0a88-313e-8918-f34aff5b01e6","1400","G5320"
"b9ca2722-7b44-3e77-9f73-b4274d674f0c","0153","0138"
"53749477-7892-3d2a-bea7-75226166ca41","0154","0247"
"fa8a652e-85c6-3bf8-ae81-37ae976487ff","0048","0903"
"34f4a24d-fae4-36b9-a7f3-3d4a3053a4ff","0020","0243"
"539670b5-f1f9-3bc4-97f9-5fd104b315db","0483","0211"
"fc14b1d7-5907-3113-9db6-d4be2d6ec066","0483","0218"
"b8349c1a-9e2f-3d9e-9592-2f9939f4bcb0","0033","B105"
"5d4bfba4-dcb2-3f88-8e74-d27ca9e63c5b","1400","F6133"
"3a8811f6-5934-3d1b-9f60-3923036fab8d","0046","8417"
"baa0cab9-d96f-3905-9291-a237c78621b7","0486","0271"
"56660735-0a5b-31a5-b776-73b1969388e5","0154","0364"
"5f518ede-0aec-33e3-b01a-474813ba0ce2","0057","1328"
"6339f88d-9099-3e33-9365-647bbb0015dd","0046","3470"
"2fae3af3-d058-3bf7-b809-9c836826ad9a","0507","0119"
"2cca68c1-9cc6-35cf-84ba-1022ae78b7b3","0031","1221"
"c32009af-dfd3-356a-ab4d-751901cf11bd","0047","8415"
"b0947f8d-0540-395a-8c22-d6e140696dcd","0481","2035"
"31b992ff-3b79-33ed-b60a-06c2497d79b5","0018","4191E"
"1aed9e77-1f1d-3864-9a9d-ba0c3fa2135f","0092","0150"
"0c90cf9a-ccfa-30fd-be4d-b3689f26f6b9","0092D","0150"
"f0923e68-91fb-3560-aa01-7c8235105a22","8122","0344"
"0f7d2196-f3e4-3b2c-8b2a-0a146411191c","0085","3135"
"25b9ff00-b52d-315a-81af-f2ee7dc9b065","0404","0140"
"8919817c-fbc0-33c5-a708-964ea7aa1646","0116","0101"
"dcd8a68c-9828-3ce9-a906-dda9d5b16222","0031","1065"
"23d971c0-4b39-32d0-8dc8-5d2360cb8596","0055","4121"
"b08359d6-f94a-351d-aee4-df7f0a4a1d7b","0006","0227"
"db339156-7036-3bec-a36d-d6c96f4fb986","0408","1102A"
"37ae65e6-14eb-3b41-afe6-887d39865942","0156","1443"
"f576dc3d-4dab-3d84-9df4-3d1d8f64e574","0055","3105"
"237779ff-4533-3aad-9cd5-251cfc83d2f0","0220","0109"
"cd1bac6f-7019-356c-93eb-a9cb65fdef09","0090","0100"
"b345c58c-d705-347c-89f2-3fad64dd172b","0220","1147"
"be0f38ed-8b3e-3203-8d1c-ad3eb512a621","0057","2507"
"d6b4118c-d29f-3c0d-b418-3764f252c0d4","0084","2144"
"0b636a05-a545-3c52-87c2-ed2a5f5ce9fa","0762","0718"
"5db6a177-181b-3504-a03c-e7f0aa6aa8b9","1485","2409"
"b8eba83a-87ef-3ebc-8644-9344a332e0b0","0408","3439"
"fd225b39-ba41-3674-b154-bef8bafcddf2","0070","0025H"
"d56007e5-85e0-3ccd-9ea9-3e54a5c7795a","1400G","5-113"
"a4056fe1-3a47-3b98-b48d-0af6a687b988","0469","5418"
"cb6c9f42-14bd-3348-b7c2-3c935f1b5e1d","1078","1102"
"9b252fcb-8add-3f35-90ee-0e4464318cea","1406K","0110"
"cc381ba8-6e93-3edf-b205-d45e4689fcaf","0044","2175"
"94821019-9428-3ea0-8d81-69bb1f9621e3","0056","0336"
"8e2e3272-1b92-3660-afd9-f49fb558a5ee","0408","B321"
"b53884ea-639d-3d97-a23d-7d28b528dc97","0408","1313B"
"0c4a59cd-46b5-3ee4-b1f3-61686e49989d","0482","0832"
"3f862c29-e553-39d1-b08b-1fd29982aab3","0153","0448"
"645303c5-bd10-300d-9cec-deda1e37fc4b","0156","1039"
"1b28af18-a6c0-392f-9194-c9686bd35520","0481","2066"
"fa94ed78-d156-3c90-8035-69ed1df32710","0469","4233"
"cb292aed-43d9-319f-9507-bee2c38fbc33","1480","2214"
"51628b9b-cfa9-311b-a4aa-82e08b895fb5","0451C","0585"
"ad921940-00d5-30ac-a122-9fe130c98b5f","0156","1253"
"9e4089a5-38f6-3242-a1ee-d5eea6ed2518","0140","5115"
"39bc9fa4-3c2c-3013-a46e-7b51a98ff32f","0140","5110"
"ff910c5c-ee0b-38f7-abe0-baf427865524","0469","5415"
"f3593773-12ed-3c32-9017-cdd62c18959d","0408","2227"
"aa2796f2-95ca-3c37-bf0c-1a8b8a3a1672","1400","E5682"
"427efadc-1f47-30d6-9c35-2f22edb8763c","0031","2007"
"d6dbddca-c081-3f48-83e8-00370754b99f","0464","0215"
"1476e238-2cc7-324d-a19f-71b6499cea64","0509","0164"
"0a3c7110-471f-3302-a71d-97553c40032b","0154","0316"
"410b3219-93d2-3973-944f-49a9d1528f40","0055","5280"
"a7198876-223a-3ca0-aaaf-6aec54abcbab","0047","S307"
"187c662a-0820-317c-b7be-87c5a64f7db6","0450","3765"
"00c1a20f-90ec-3d69-9796-8a47ee3973e3","1480","1249"
"8d7bb6c9-27e1-336c-b5fc-381a14a9cc6d","0053","0201"
"648fdefe-eff2-3fd2-bd6a-91d918ed0a53","0054","0322"
"6aced8b1-4fae-38aa-a6ed-fe62ce677f5a","0031","2057"
"6214e3f1-9082-38cd-baac-833c95d1c10b","1400F","6-133"
"fa17ac98-a7b7-387d-b6f5-0b00577f20d6","0140","5121"
"5053bc53-5360-3db3-bd04-2baccf6fdb2d","0215","5621"
"8b99394b-a499-356d-8a64-156b21dfffc1","0482","0259A"
"878babe4-9091-3767-96c7-3d260b58711b","0505","B102B"
"9416a4b6-9173-3b90-bcbc-f83cfae7530c","0038","0136"
"313f24ff-a49c-30d4-9950-7a917d82b83f","0028","00B2"
"f292ac3c-ea2d-3967-886d-361c430ebdda","0028","00B1"
"1272ad53-62f8-3a84-93c5-b605b2af0c29","0408","3416"
"7eb2bbcc-8ef3-3e07-a37e-81422fa240dc","0021","0105"
"ee01cd6d-c907-3de9-ba43-e5834cd11bf5","0408","3546"
"c79e6232-99df-3e5c-8e89-630fa620ca27","0028","0261"
"f66ee470-dfbb-3866-afea-903f2ee0abdf","0057","B323"
"8fe5385c-46c4-3b2c-8d07-4b5d3ec5f5b6","0082","3110"
"355a343e-37b6-3bf2-b5d3-a19cf8c28f56","1480","1265"
"44e57fd9-390b-3ae3-950d-b83921a4e6cd","1405G","0164"
"ad1e6b34-65a6-3f42-8500-dee916a5a9d3","0085","0341"
"c8ff2942-8abe-3641-a147-f5079c981231","0450","6180"
"9a5d0e50-e1eb-39b6-9775-2b06706c7b00","0521","0306"
"75b50661-22fc-3eb2-8415-32fa4fbc21d9","0015","0976"
"b4c95ba6-5039-3300-92ff-cef724177aa1","0055","5310"
"c2b162ea-290d-38c9-811c-3ad0e339ace3","0408","2024"
"648bc817-a7c8-3816-9743-a0c5ec93c95c","1249","0215"
"a02034d8-5c76-3520-aa8d-f396129b9af4","1243","1315"
"86cbc9bd-e182-3a3b-8979-ccc5ca2867d5","1245","0131"
"0a0ae4a0-2139-35e0-a927-c495a296d174","1245","0B32"
"8012d312-6aff-3498-bf80-a518f573e209","0452","0316"
"79a6adcf-7e6b-3745-b4a5-6e5f80c8f7b2","0450","0116"
"2fc8f3f1-3418-374f-b589-498ffd373da3","0211","4280"
"2e8412ee-6319-3427-9561-990469b491f0","0407","4155"
"8d91547c-f677-337f-aca7-cfb21bbb60df","0215","6618"
"30027736-6379-39cb-968d-ba3ea9478d86","0081","1128"
"7d344900-c98a-3ad2-ba5a-b2ecd3cdece2","0452","0324"
"5535fd8b-a38d-3abd-b20c-51c281f8389c","0044","2211"
"ea3c51f2-872a-328b-b735-c52a09892589","0044","2193"
"89bf7140-1732-3de3-b709-6714932f07b7","0044","2187"
"c929aae8-9138-318d-8863-749c76f2684e","0044","2163"
"af401833-f8d7-3658-a501-f23edce2e133","0044","2207"
"f6a9f406-9994-3578-aae1-fc7d6aae6329","0044","2145"
"cc80c48f-71af-3f37-9626-48ec7a73edfb","0044","2183"
"dff1a3d1-ac74-3ebc-a905-4a6b73d30889","0450","B385"
"6034799e-cc24-3299-b733-ccebc184e8f9","0545","2181"
"c7f67bfb-fe0d-316c-8f1d-f0310b008fae","0520","0142"
"f0e13aaa-af3f-3007-9dfe-3be8a1145687","0482","0840"
"7d32d569-c6e4-3d4b-a285-80e8f009c632","1485","3001A"
"46cea6f9-fa4f-3fdb-90dc-35bfb70d798d","0018","4191"
"d9a355e5-ad9d-331f-b8e7-5184f02854ff","1400H","4-670"
"e46c4131-480c-36eb-94cd-6a76e095d02d","0153","0102"
"f0c1d79c-2fce-3b02-b60a-c868e2383c1b","1485","7571"
"c44dc1dc-00ec-392e-907c-c74651e1c092","0451B","0354"
"357be7eb-85fc-3c97-bd2f-afba1a94cb51","0450","B315"
"6b5f7e9e-6723-3f92-b4c5-7f9c1a32ff10","0450","3169"
"87f6db79-2e2e-3f11-a575-d477cdf39103","0459","0434"
"efb41b80-190d-3635-9d72-3456f7e55e19","0450","C"
"649f9f6f-ea51-3054-8c40-69f513155bea","1480","3110B"
"887f928f-ee86-317d-8c37-e152ca5811ac","1480","3110D"
"cc1ccf4b-b52c-3d42-adda-28a21ba6830f","1480","3110A"
"61764d7c-ec93-3b22-b7c9-a64e864fabc9","0450","4765"
"c5c79c08-9e64-3066-b14f-5f265b260576","0521","0254"
"0b56c991-0180-3d99-b36b-3eab56008562","1480","1205"
"a15c81aa-9db7-338c-8384-e14a0f821765","0470","0B18"
"d605a107-91de-3e07-bc2c-3f52ceb67eba","0060","2445"
"3f0f2ef1-a9b2-3e2d-b38d-c5b4194caded","0407","2145A"
"49bceece-c508-3f7d-b6c1-51835018f7c5","0011","1125"
"8c857ad9-8c7a-3dc3-9d3e-01107aaa1197","0093","2227"
"1b9004ba-02f3-3a34-95ed-d70a04c8f982","0057","3521"
"130e5d25-32d6-3e84-b703-8c5eb546fdbc","0140","4449"
"8bffbf29-07dd-3054-bc7a-0667a402470c","0055","5280A"
"ae4bef91-e83f-33fa-879d-4acc27c72ca8","0407","2163"
"8a292c37-c5a8-3848-8504-729c3bbc5c3d","0081","3185"
"7fc4059c-eac8-34b1-a804-62c15f0491d9","0470","0373"
"87a66df6-7126-3ae6-afb5-1c3567a953cd","0450","A"
"8ffbe514-4af5-3bf8-ac1b-da951e2eebff","0054","B150G"
"5b91a3a1-5e95-3968-a5cd-e6340b92590c","0430","7113"
"a54e1d2a-3f6b-34ee-8c51-4ba3bece614d","0545","3100N"
"ad6941fe-df61-381d-bf71-65599a5444a0","0018","4159"
"cb32081b-0899-3a7d-ad2e-913a2ea3c0cf","0450","2385"
"2afcb3ab-5054-3c40-a621-63dc87f47de3","0449","0230"
"0b4b3043-a2a2-379b-b361-d3a3f5a6ea3e","0449","0231"
"f9cdf854-a6c7-39f0-990f-c89b69f0076a","0521","0376"
"4460aeb8-55b2-36b3-b5d8-e6995a3afb5a","0521","A341"
"62e3b378-a319-360f-8ae6-c484cfd356ff","0056","0103"
"0ad31972-8c87-3386-a829-f2b00d671645","1406K","0383"
"43b07d25-d793-3cdf-ad20-e413e6930032","0564S","0115"
"3bfcd161-67e6-387f-8841-98e742270850","0020","0349"
"c9535903-7848-39b9-9cf0-8b8be5a8c107","0574S","0202"
"2f8aad2a-0130-3c80-a199-31f85b744741","0574S","0101"
"18111c14-0e52-3b63-bc28-b2cc57da92e1","0565","B107"
"1c719883-f528-385f-a7ad-5996f4321f98","0451A","0216"
"04877830-29ca-3bee-bf1c-47f5139fa5f0","0506","450"
"88b4e659-6228-342c-a405-ab29bcd975e1","0506","350"
"895d33c1-6ace-3e12-ac8a-10b75e65457a","0506","250"
"c0ccd3b1-014b-3727-b5c8-981de175c3a9","0482","1334"
"67687a41-09cb-3fa3-8405-9fd9cd4b4628","0482","1202"
"3863f2b5-c3fe-32f4-9699-35065d89c24d","0154","0564"
"b2762685-92eb-32eb-bff2-728c1ff7c137","0055","3106"
"b62db1a8-2848-3b9a-bd73-38a725575ec8","0099","0101"
"351f54b0-e244-32e0-ba0a-a263a9253667","0085","4226"
"f67e4b59-0c60-3e64-bc5e-68cb15b0bd4c","0574H","L115"
"76720135-efcb-3fc8-aeaa-057c6ce3ec8b","0469","1650"
"c2f35a96-7e83-348e-bc4f-07f82f2fa0e5","0567","1112"
"363cb170-6343-378d-8b1b-240f8b39c2d4","0407","4127"
"accf2180-dbba-31d7-a5fd-e89ac0edc362","0156","1225"
"19f75f00-d472-3eb7-9896-0de8ed9ba90a","0084","0212"
"d3ace3fc-91f9-30fc-ae40-be2dba4187a7","0103","0012"
"41be44ad-3ef7-3184-ab45-bff1b924eb49","0085","0448"
"c48297dd-bcaa-31ef-933f-fd6c41601595","0482","1236"
"1371caf7-0cfe-38e9-8c97-c50aec6a4934","0031","1156"
